,,,,,,,
Tên công ty,Công ty Cổ phần Sữa Việt Nam,,,,,,
Tên báo cáo,Lịch sử giá,,,,,,
Ngày tải,15/03/2025,,,,,,
,,,,,,,
NGÀY,GIÁ MỞ CỬA,GIÁ CAO NHẤT,GIÁ THẤP NHẤT,GIÁ ĐÓNG CỬA,THAY ĐỔI GIÁ,% THAY ĐỔI,KHỐI LƯỢNG
14/03/2025,"62,400.00","62,700.00","62,100.00","62,100.00",100.00,0.00,"2,696,700.00"
13/03/2025,"62,300.00","62,900.00","61,900.00","62,000.00",-200.00,0.00,"5,100,400.00"
12/03/2025,"62,500.00","62,800.00","62,200.00","62,200.00",-200.00,0.00,"2,755,400.00"
11/03/2025,"62,300.00","62,500.00","62,100.00","62,400.00",-100.00,0.00,"2,287,600.00"
10/03/2025,"63,000.00","63,000.00","62,500.00","62,500.00",-200.00,0.00,"2,529,500.00"
07/03/2025,"62,900.00","63,000.00","62,400.00","62,700.00",-200.00,0.00,"2,655,600.00"
06/03/2025,"62,700.00","62,900.00","62,200.00","62,900.00",200.00,0.00,"3,125,600.00"
05/03/2025,"63,600.00","63,600.00","62,700.00","62,700.00",-800.00,-0.01,"2,275,500.00"
04/03/2025,"63,200.00","63,800.00","62,900.00","63,500.00",300.00,0.00,"6,042,000.00"
03/03/2025,"62,800.00","63,200.00","62,300.00","63,200.00","1,000.00",0.02,"3,610,600.00"
28/02/2025,"62,300.00","63,200.00","62,200.00","62,200.00",0.00,0.00,"4,175,600.00"
27/02/2025,"63,200.00","63,200.00","62,200.00","62,200.00",-900.00,-0.01,"3,520,600.00"
26/02/2025,"63,000.00","63,400.00","62,900.00","63,100.00",200.00,0.00,"3,636,600.00"
25/02/2025,"64,000.00","64,000.00","62,600.00","62,900.00",-900.00,-0.01,"3,884,200.00"
24/02/2025,"61,600.00","63,900.00","61,600.00","63,800.00","2,400.00",0.04,"11,512,800.00"
21/02/2025,"60,800.00","62,100.00","60,600.00","61,400.00",700.00,0.01,"4,717,200.00"
20/02/2025,"60,900.00","60,900.00","60,600.00","60,700.00",-100.00,0.00,"2,627,900.00"
19/02/2025,"60,300.00","60,900.00","60,300.00","60,800.00",500.00,0.01,"3,072,700.00"
18/02/2025,"60,400.00","60,500.00","60,000.00","60,300.00",300.00,0.00,"2,436,800.00"
17/02/2025,"60,400.00","60,600.00","60,000.00","60,000.00",-300.00,0.00,"3,612,400.00"
14/02/2025,"60,700.00","60,700.00","60,300.00","60,300.00",-400.00,-0.01,"6,401,800.00"
13/02/2025,"61,000.00","61,000.00","60,400.00","60,700.00",-300.00,0.00,"2,576,800.00"
12/02/2025,"60,600.00","61,000.00","60,500.00","61,000.00",600.00,0.01,"2,756,600.00"
11/02/2025,"60,600.00","60,700.00","60,100.00","60,400.00",-200.00,0.00,"3,433,800.00"
10/02/2025,"61,200.00","61,200.00","60,600.00","60,600.00",-200.00,0.00,"2,592,100.00"
07/02/2025,"60,700.00","61,200.00","60,600.00","60,800.00",100.00,0.00,"2,552,300.00"
06/02/2025,"61,500.00","61,600.00","60,500.00","60,700.00",-800.00,-0.01,"3,024,800.00"
05/02/2025,"60,400.00","61,500.00","60,400.00","61,500.00","1,300.00",0.02,"3,198,100.00"
04/02/2025,"60,600.00","60,900.00","60,000.00","60,200.00",-300.00,0.00,"7,125,000.00"
03/02/2025,"62,200.00","62,200.00","60,500.00","60,500.00","-1,700.00",-0.03,"7,279,900.00"
24/01/2025,"61,900.00","62,500.00","61,800.00","62,200.00",200.00,0.00,"1,576,400.00"
23/01/2025,"61,600.00","62,300.00","61,600.00","62,000.00",400.00,0.01,"1,781,300.00"
22/01/2025,"62,000.00","62,000.00","61,600.00","61,600.00",-200.00,0.00,"1,760,900.00"
21/01/2025,"62,000.00","62,100.00","61,600.00","61,800.00",-100.00,0.00,"1,403,900.00"
20/01/2025,"62,000.00","62,200.00","61,600.00","61,900.00",-100.00,0.00,"1,633,600.00"
17/01/2025,"62,200.00","62,200.00","62,000.00","62,000.00",100.00,0.00,"889,400.00"
16/01/2025,"62,300.00","62,600.00","61,700.00","61,900.00",200.00,0.00,"1,684,500.00"
15/01/2025,"62,100.00","62,300.00","61,700.00","61,700.00",100.00,0.00,"1,216,400.00"
14/01/2025,"61,400.00","61,800.00","61,300.00","61,600.00",200.00,0.00,"1,147,600.00"
13/01/2025,"61,200.00","61,900.00","61,100.00","61,400.00",100.00,0.00,"1,101,700.00"
10/01/2025,"61,700.00","61,900.00","61,300.00","61,300.00",-500.00,-0.01,"1,189,800.00"
09/01/2025,"61,800.00","61,900.00","61,300.00","61,800.00",100.00,0.00,"1,500,000.00"
08/01/2025,"62,000.00","62,100.00","61,200.00","61,700.00",0.00,0.00,"2,053,300.00"
07/01/2025,"62,600.00","63,000.00","61,600.00","61,700.00",-800.00,-0.01,"2,802,100.00"
06/01/2025,"63,000.00","63,200.00","62,500.00","62,500.00",-500.00,-0.01,"2,103,500.00"
03/01/2025,"63,200.00","63,300.00","62,900.00","63,000.00",-100.00,0.00,"1,776,700.00"
02/01/2025,"63,600.00","63,800.00","63,100.00","63,100.00",-300.00,0.00,"1,336,600.00"
31/12/2024,"63,400.00","63,800.00","63,300.00","63,400.00",100.00,0.00,"1,641,900.00"
30/12/2024,"63,600.00","63,700.00","63,300.00","63,300.00",-500.00,-0.01,"1,490,800.00"
27/12/2024,"63,900.00","64,100.00","63,700.00","63,800.00",0.00,0.00,"2,443,700.00"
26/12/2024,"64,200.00","64,200.00","63,800.00","63,800.00",-100.00,0.00,"1,708,800.00"
25/12/2024,"63,900.00","64,396.12","63,900.00","63,900.00",100.00,0.00,"1,382,500.00"
24/12/2024,"63,900.00","64,197.67","63,602.33","63,800.78",-100.00,0.00,"4,725,000.00"
23/12/2024,"64,197.67","64,495.34","63,800.78","63,900.00",-600.00,-0.01,"1,367,800.00"
20/12/2024,"63,503.11","64,495.34","63,503.11","64,495.34","1,100.00",0.02,"3,799,600.00"
19/12/2024,"63,900.00","63,999.22","63,403.88","63,403.88",-800.00,-0.01,"2,646,900.00"
18/12/2024,"64,495.34","64,594.57","64,197.67","64,197.67",100.00,0.00,"1,614,100.00"
17/12/2024,"64,396.12","64,495.34","63,999.22","64,098.45",-400.00,-0.01,"1,204,000.00"
16/12/2024,"63,701.55","64,693.79","63,701.55","64,495.34",800.00,0.01,"2,387,600.00"
13/12/2024,"63,800.78","63,999.22","63,602.33","63,701.55",-400.00,-0.01,"1,396,700.00"
12/12/2024,"63,701.55","64,396.12","63,701.55","64,098.45",400.00,0.01,"2,249,807.00"
11/12/2024,"63,403.88","64,098.45","63,403.88","63,701.55",300.00,0.00,"2,024,600.00"
10/12/2024,"63,602.33","63,900.00","63,403.88","63,403.88",-200.00,0.00,"1,711,000.00"
09/12/2024,"63,999.22","63,999.22","63,503.11","63,602.33",0.00,0.00,"1,762,700.00"
06/12/2024,"63,999.22","64,296.89","63,602.33","63,602.33",-200.00,0.00,"1,677,900.00"
05/12/2024,"63,006.99","64,197.67","62,709.32","63,800.78","1,000.00",0.02,"2,218,400.00"
04/12/2024,"63,304.66","63,403.88","62,808.54","62,808.54",-600.00,-0.01,"2,745,800.00"
03/12/2024,"64,098.45","64,098.45","63,403.88","63,403.88",-600.00,-0.01,"2,425,200.00"
02/12/2024,"64,098.45","64,296.89","63,701.55","63,999.22",-100.00,0.00,"1,229,100.00"
29/11/2024,"63,999.22","64,296.89","63,800.78","64,098.45",100.00,0.00,"1,105,500.00"
28/11/2024,"64,495.34","64,495.34","63,999.22","63,999.22",-100.00,0.00,"1,273,300.00"
27/11/2024,"64,296.89","64,495.34","63,999.22","64,098.45",-200.00,0.00,"1,586,400.00"
26/11/2024,"63,999.22","64,495.34","63,900.00","64,296.89",500.00,0.01,"1,675,600.00"
25/11/2024,"63,800.78","64,098.45","63,701.55","63,800.78",0.00,0.00,"2,446,600.00"
22/11/2024,"63,403.88","64,296.89","63,403.88","63,800.78",400.00,0.01,"2,585,700.00"
21/11/2024,"63,205.43","63,602.33","62,907.76","63,403.88",300.00,0.00,"2,253,500.00"
20/11/2024,"62,510.87","63,304.66","62,411.65","63,106.21",600.00,0.01,"2,818,000.00"
19/11/2024,"62,808.54","63,006.99","62,510.87","62,510.87",-200.00,0.00,"2,833,600.00"
18/11/2024,"63,205.43","63,701.55","62,709.32","62,709.32",-500.00,-0.01,"3,797,000.00"
15/11/2024,"64,396.12","64,396.12","63,205.43","63,205.43","-1,300.00",-0.02,"3,688,300.00"
14/11/2024,"64,495.34","64,495.34","64,197.67","64,495.34",0.00,0.00,"1,779,900.00"
13/11/2024,"64,594.57","65,090.68","64,197.67","64,495.34",100.00,0.00,"2,820,700.00"
12/11/2024,"64,693.79","65,189.91","64,296.89","64,396.12",-300.00,0.00,"1,729,600.00"
11/11/2024,"65,189.91","65,289.13","64,197.67","64,693.79",-500.00,-0.01,"2,737,600.00"
08/11/2024,"65,487.58","65,686.02","65,090.68","65,189.91",-200.00,0.00,"1,852,400.00"
07/11/2024,"65,487.58","65,686.02","65,090.68","65,388.35",100.00,0.00,"1,152,300.00"
06/11/2024,"65,487.58","65,487.58","64,793.01","65,289.13",300.00,0.00,"2,594,600.00"
05/11/2024,"65,189.91","65,487.58","64,991.46","64,991.46",-100.00,0.00,"1,060,900.00"
04/11/2024,"65,388.35","66,082.92","65,090.68","65,090.68",-200.00,0.00,"2,118,800.00"
01/11/2024,"65,586.80","65,785.25","65,090.68","65,289.13",-300.00,0.00,"2,178,005.00"
31/10/2024,"66,082.92","66,082.92","64,793.01","65,586.80",-200.00,0.00,"5,269,100.00"
30/10/2024,"66,479.81","66,777.48","65,785.25","65,785.25",-700.00,-0.01,"3,431,700.00"
29/10/2024,"66,777.48","66,777.48","66,281.37","66,479.81",-200.00,0.00,"2,030,600.00"
28/10/2024,"67,174.38","67,472.05","66,182.14","66,678.26",-800.00,-0.01,"2,923,300.00"
25/10/2024,"68,067.39","68,067.39","67,372.83","67,472.05",-400.00,-0.01,"2,170,200.00"
24/10/2024,"66,777.48","68,464.29","66,777.48","67,868.94","1,100.00",0.02,"4,365,000.00"
23/10/2024,"66,777.48","67,075.16","66,678.26","66,777.48",0.00,0.00,"1,835,900.00"
22/10/2024,"66,777.48","67,273.60","66,678.26","66,777.48",0.00,0.00,"2,250,400.00"
21/10/2024,"66,876.71","67,372.83","66,678.26","66,777.48",-100.00,0.00,"1,860,000.00"
18/10/2024,"67,075.16","67,472.05","66,876.71","66,876.71",-200.00,0.00,"1,737,502.00"
17/10/2024,"67,075.16","67,372.83","66,777.48","67,075.16",100.00,0.00,"1,655,019.00"
16/10/2024,"66,281.37","67,571.27","66,281.37","66,975.93",700.00,0.01,"2,003,900.00"
15/10/2024,"66,678.26","66,876.71","66,182.14","66,281.37",-400.00,-0.01,"3,473,302.00"
14/10/2024,"67,571.27","67,571.27","66,579.04","66,678.26",-500.00,-0.01,"3,220,500.00"
11/10/2024,"67,571.27","67,670.50","66,975.93","67,174.38",0.00,0.00,"2,690,038.00"
10/10/2024,"67,769.72","68,265.84","67,174.38","67,174.38",-100.00,0.00,"3,122,515.00"
09/10/2024,"67,769.72","68,067.39","67,273.60","67,273.60",-400.00,-0.01,"3,827,960.00"
08/10/2024,"66,678.26","67,670.50","66,678.26","67,670.50","1,100.00",0.02,"3,182,649.00"
07/10/2024,"68,166.61","68,761.96","66,579.04","66,579.04","-1,400.00",-0.02,"5,986,300.00"
04/10/2024,"69,952.64","69,952.64","67,868.94","67,968.17","-1,800.00",-0.03,"6,134,000.00"
03/10/2024,"69,654.97","69,952.64","69,357.30","69,754.19",200.00,0.00,"2,948,000.00"
02/10/2024,"69,654.97","69,654.97","69,059.63","69,555.75",0.00,0.00,"2,139,900.00"
01/10/2024,"69,654.97","70,151.09","69,555.75","69,555.75",0.00,0.00,"2,040,200.00"
30/09/2024,"70,448.76","70,448.76","69,555.75","69,555.75",-900.00,-0.01,"2,043,516.00"
27/09/2024,"70,250.31","70,647.20","70,151.09","70,448.76",300.00,0.00,"3,168,700.00"
26/09/2024,"69,059.63","70,547.98","69,059.63","70,151.09","1,100.00",0.02,"4,484,109.00"
25/09/2024,"69,754.19","69,853.42","69,059.63","69,059.63",-700.00,-0.01,"4,847,436.00"
24/09/2024,"70,448.76","70,448.76","69,555.75","69,754.19",-200.00,0.00,"2,199,514.00"
23/09/2024,"70,094.81","70,190.69","69,615.36","69,903.03",200.00,0.00,"2,997,201.00"
20/09/2024,"70,478.36","70,957.81","69,711.25","69,711.25",-600.00,-0.01,"6,555,403.00"
19/09/2024,"70,286.58","70,478.36","69,998.92","70,286.58",0.00,0.00,"1,572,742.00"
18/09/2024,"70,574.25","70,861.92","69,998.92","70,286.58",-100.00,0.00,"2,845,344.00"
17/09/2024,"69,040.03","70,382.47","68,752.36","70,382.47","1,500.00",0.02,"2,526,732.00"
16/09/2024,"69,998.92","69,998.92","68,944.14","68,944.14","-1,000.00",-0.01,"4,034,700.00"
13/09/2024,"71,724.92","71,724.92","69,903.03","69,903.03","-1,800.00",-0.02,"5,347,113.00"
12/09/2024,"71,916.70","72,108.47","71,341.36","71,629.03",100.00,0.00,"2,052,124.00"
11/09/2024,"71,724.92","72,012.58","70,861.92","71,533.14",-300.00,0.00,"3,165,231.00"
10/09/2024,"71,724.92","72,396.14","71,245.47","71,820.81",100.00,0.00,"3,332,434.00"
09/09/2024,"72,012.58","72,012.58","71,149.58","71,724.92",-600.00,-0.01,"2,638,800.00"
06/09/2024,"71,820.81","72,396.14","71,724.92","72,300.25",700.00,0.01,"3,641,800.00"
05/09/2024,"71,245.47","72,300.25","71,053.70","71,629.03",400.00,0.01,"5,841,142.00"
04/09/2024,"70,286.58","71,437.25","70,094.81","71,245.47",400.00,0.01,"2,839,125.00"
30/08/2024,"70,574.25","71,724.92","70,382.47","70,861.92",400.00,0.01,"3,675,800.00"
29/08/2024,"70,670.14","70,957.81","70,382.47","70,478.36",-400.00,-0.01,"2,042,980.00"
28/08/2024,"70,574.25","70,957.81","70,190.69","70,861.92",400.00,0.01,"3,352,840.00"
27/08/2024,"70,382.47","70,766.03","69,615.36","70,478.36",100.00,0.00,"4,265,844.00"
26/08/2024,"71,820.81","71,916.70","70,286.58","70,382.47","-1,500.00",-0.02,"6,324,827.00"
23/08/2024,"71,820.81","72,492.03","71,341.36","71,820.81",700.00,0.01,"3,307,633.00"
22/08/2024,"72,875.58","72,875.58","70,574.25","71,149.58","-1,100.00",-0.01,"6,025,954.00"
21/08/2024,"72,108.47","72,971.47","72,012.58","72,204.36",-300.00,0.00,"3,991,045.00"
20/08/2024,"72,875.58","73,067.36","72,204.36","72,492.03",-400.00,-0.01,"4,177,349.00"
19/08/2024,"70,957.81","72,875.58","70,766.03","72,875.58","2,200.00",0.03,"7,917,931.00"
16/08/2024,"70,957.81","71,053.70","70,190.69","70,766.03",0.00,0.00,"7,392,917.00"
15/08/2024,"70,957.81","71,533.14","70,670.14","70,766.03",-200.00,0.00,"4,255,830.00"
14/08/2024,"70,957.81","71,053.70","70,286.58","70,957.81",200.00,0.00,"5,456,225.00"
13/08/2024,"69,807.14","71,341.36","69,711.25","70,766.03",800.00,0.01,"6,834,400.00"
12/08/2024,"70,286.58","71,341.36","69,807.14","69,998.92",-300.00,0.00,"5,804,000.00"
09/08/2024,"69,807.14","70,382.47","69,519.47","70,286.58",600.00,0.01,"4,527,500.00"
08/08/2024,"70,861.92","71,341.36","69,231.81","69,711.25","-1,100.00",-0.01,"7,611,000.00"
07/08/2024,"70,190.69","70,766.03","69,423.58","70,766.03","1,100.00",0.02,"10,740,700.00"
06/08/2024,"67,409.92","70,286.58","67,122.25","69,711.25","3,300.00",0.05,"13,950,400.00"
05/08/2024,"68,081.14","68,272.92","65,683.92","66,546.92","-2,100.00",-0.03,"12,245,500.00"
02/08/2024,"67,122.25","68,944.14","67,122.25","68,560.58","1,200.00",0.02,"10,290,200.00"
01/08/2024,"68,848.25","68,944.14","67,218.14","67,409.92","-1,300.00",-0.02,"8,955,800.00"
31/07/2024,"65,683.92","69,040.03","65,683.92","68,656.47","3,900.00",0.06,"21,564,900.00"
30/07/2024,"64,533.25","65,588.03","64,149.69","64,916.80",500.00,0.01,"6,465,600.00"
29/07/2024,"63,478.47","64,820.91","63,190.80","64,437.36","1,400.00",0.02,"5,781,800.00"
26/07/2024,"62,711.36","63,478.47","62,711.36","63,094.91",200.00,0.00,"3,275,400.00"
25/07/2024,"62,903.14","62,999.03","62,615.47","62,903.14",0.00,0.00,"1,957,600.00"
24/07/2024,"63,094.91","63,382.58","62,903.14","62,903.14",-300.00,0.00,"3,913,500.00"
23/07/2024,"62,903.14","63,574.36","62,807.25","63,190.80",500.00,0.01,"3,777,800.00"
22/07/2024,"62,615.47","63,286.69","62,519.58","62,711.36",100.00,0.00,"2,654,800.00"
19/07/2024,"63,190.80","63,190.80","62,423.69","62,615.47",-600.00,-0.01,"3,412,700.00"
18/07/2024,"63,286.69","63,286.69","62,807.25","63,190.80",200.00,0.00,"2,363,000.00"
17/07/2024,"63,478.47","63,766.14","62,903.14","62,999.03",-400.00,-0.01,"3,464,800.00"
16/07/2024,"63,670.25","63,957.91","63,382.58","63,382.58",-100.00,0.00,"2,243,700.00"
15/07/2024,"63,574.36","64,149.69","63,478.47","63,478.47",-100.00,0.00,"2,155,300.00"
12/07/2024,"63,670.25","63,862.03","63,382.58","63,574.36",0.00,0.00,"2,189,900.00"
11/07/2024,"64,149.69","64,245.58","63,574.36","63,574.36",-500.00,-0.01,"3,787,100.00"
10/07/2024,"64,725.03","65,012.69","64,053.80","64,053.80",-700.00,-0.01,"3,991,700.00"
09/07/2024,"64,820.91","65,012.69","64,437.36","64,725.03",-100.00,0.00,"5,045,200.00"
08/07/2024,"64,533.25","64,916.80","64,245.58","64,820.91",400.00,0.01,"4,942,400.00"
05/07/2024,"63,670.25","64,725.03","63,670.25","64,437.36",800.00,0.01,"4,285,100.00"
04/07/2024,"63,574.36","64,149.69","63,574.36","63,670.25",200.00,0.00,"2,688,900.00"
03/07/2024,"63,478.47","63,574.36","63,286.69","63,478.47",0.00,0.00,"1,437,600.00"
02/07/2024,"63,286.69","63,574.36","63,094.91","63,478.47",200.00,0.00,"2,042,800.00"
01/07/2024,"63,094.91","63,286.69","62,615.47","63,286.69",500.00,0.01,"1,909,300.00"
28/06/2024,"62,807.25","63,286.69","62,615.47","62,807.25",200.00,0.00,"2,821,700.00"
27/06/2024,"62,519.58","62,903.14","62,423.69","62,615.47",100.00,0.00,"2,755,400.00"
26/06/2024,"63,094.91","63,094.91","62,423.69","62,519.58",-300.00,0.00,"2,599,300.00"
25/06/2024,"63,094.91","63,478.47","62,807.25","62,807.25",0.00,0.00,"3,680,600.00"
24/06/2024,"63,382.58","63,862.03","62,615.47","62,807.25",-500.00,-0.01,"3,871,900.00"
21/06/2024,"63,766.14","64,341.47","63,286.69","63,286.69",0.00,0.00,"4,023,700.00"
20/06/2024,"62,711.36","64,053.80","62,519.58","63,286.69",700.00,0.01,"4,397,100.00"
19/06/2024,"63,286.69","63,286.69","62,423.69","62,615.47",-600.00,-0.01,"6,211,000.00"
18/06/2024,"63,766.14","63,766.14","63,190.80","63,190.80",-100.00,0.00,"2,751,700.00"
17/06/2024,"63,574.36","63,862.03","63,286.69","63,286.69",-200.00,0.00,"3,617,600.00"
14/06/2024,"64,245.58","64,533.25","63,478.47","63,478.47",-700.00,-0.01,"4,124,200.00"
13/06/2024,"64,245.58","64,629.14","64,053.80","64,149.69",-100.00,0.00,"4,003,600.00"
12/06/2024,"63,766.14","64,533.25","63,574.36","64,245.58",500.00,0.01,"3,522,696.00"
11/06/2024,"64,629.14","64,725.03","63,670.25","63,766.14",-700.00,-0.01,"6,177,100.00"
10/06/2024,"65,588.03","65,683.92","64,437.36","64,437.36",-600.00,-0.01,"4,584,100.00"
07/06/2024,"64,820.91","65,779.80","64,725.03","65,012.69",600.00,0.01,"4,127,600.00"
06/06/2024,"66,163.36","66,163.36","64,437.36","64,437.36","-1,300.00",-0.02,"4,907,800.00"
05/06/2024,"63,478.47","66,355.14","63,478.47","65,683.92","2,500.00",0.04,"11,865,800.00"
04/06/2024,"63,382.58","63,862.03","63,286.69","63,286.69",-100.00,0.00,"3,755,800.00"
03/06/2024,"63,094.91","63,862.03","62,999.03","63,382.58",700.00,0.01,"3,302,200.00"
31/05/2024,"63,190.80","63,190.80","62,615.47","62,711.36",-300.00,0.00,"4,165,400.00"
30/05/2024,"63,382.58","63,478.47","62,807.25","62,999.03",-600.00,-0.01,"4,502,600.00"
29/05/2024,"64,245.58","64,533.25","63,286.69","63,574.36",-500.00,-0.01,"3,644,200.00"
28/05/2024,"63,574.36","64,533.25","63,382.58","64,053.80",700.00,0.01,"5,787,500.00"
27/05/2024,"63,382.58","63,862.03","63,094.91","63,382.58",100.00,0.00,"2,426,600.00"
24/05/2024,"63,957.91","64,149.69","62,999.03","63,286.69","-1,000.00",-0.01,"4,194,100.00"
23/05/2024,"63,286.69","64,245.58","63,094.91","64,245.58","1,200.00",0.02,"2,991,400.00"
22/05/2024,"63,670.25","63,957.91","63,094.91","63,094.91",-400.00,-0.01,"3,728,300.00"
21/05/2024,"63,670.25","63,862.03","63,094.91","63,478.47",-200.00,0.00,"3,821,200.00"
20/05/2024,"64,341.47","64,820.91","63,670.25","63,670.25",-600.00,-0.01,"4,941,500.00"
17/05/2024,"64,533.25","65,012.69","64,053.80","64,245.58",-200.00,0.00,"4,349,200.00"
16/05/2024,"64,341.47","64,916.80","64,245.58","64,437.36",200.00,0.00,"3,153,300.00"
15/05/2024,"64,149.69","64,533.25","63,957.91","64,245.58",500.00,0.01,"3,895,400.00"
14/05/2024,"63,190.80","64,245.58","63,190.80","63,766.14",700.00,0.01,"2,704,800.00"
13/05/2024,"63,862.03","64,053.80","62,711.36","63,094.91",-700.00,-0.01,"2,882,500.00"
10/05/2024,"63,957.91","64,725.03","63,382.58","63,766.14",-100.00,0.00,"2,438,800.00"
09/05/2024,"65,108.58","65,108.58","63,862.03","63,862.03","-1,300.00",-0.02,"2,998,000.00"
08/05/2024,"65,204.47","65,204.47","64,341.47","65,108.58",-100.00,0.00,"2,984,400.00"
07/05/2024,"63,286.69","65,683.92","63,190.80","65,204.47","2,200.00",0.03,"8,723,900.00"
06/05/2024,"63,094.91","63,670.25","62,807.25","63,094.91",200.00,0.00,"2,261,300.00"
03/05/2024,"62,903.14","63,286.69","62,807.25","62,903.14",200.00,0.00,"2,204,400.00"
02/05/2024,"62,711.36","62,807.25","62,231.91","62,711.36",400.00,0.01,"2,563,400.00"
26/04/2024,"62,040.14","63,094.91","61,848.36","62,327.80",300.00,0.00,"2,940,600.00"
25/04/2024,"61,368.91","62,136.02","61,273.02","62,040.14",700.00,0.01,"2,006,000.00"
24/04/2024,"61,368.91","61,656.58","60,889.47","61,368.91",500.00,0.01,"2,478,300.00"
23/04/2024,"61,560.69","61,656.58","60,601.80","60,889.47",-500.00,-0.01,"2,139,400.00"
22/04/2024,"62,040.14","62,615.47","61,368.91","61,368.91",-200.00,0.00,"2,035,200.00"
19/04/2024,"61,560.69","61,752.47","60,697.69","61,560.69",0.00,0.00,"4,677,100.00"
17/04/2024,"61,752.47","62,231.91","61,560.69","61,560.69",200.00,0.00,"5,144,500.00"
16/04/2024,"62,231.91","62,327.80","60,410.02","61,368.91",-900.00,-0.01,"7,128,700.00"
15/04/2024,"63,957.91","63,957.91","62,231.91","62,231.91","-1,800.00",-0.03,"5,776,100.00"
12/04/2024,"64,053.80","64,341.47","63,862.03","63,957.91",100.00,0.00,"2,509,200.00"
11/04/2024,"63,957.91","64,149.69","63,766.14","63,862.03",-200.00,0.00,"2,947,700.00"
10/04/2024,"64,341.47","64,533.25","64,053.80","64,053.80",-200.00,0.00,"4,464,100.00"
09/04/2024,"64,341.47","64,533.25","64,053.80","64,245.58",0.00,0.00,"2,516,000.00"
08/04/2024,"65,204.47","65,204.47","64,149.69","64,245.58",-900.00,-0.01,"3,716,000.00"
05/04/2024,"65,396.25","65,396.25","64,916.80","65,108.58",-300.00,0.00,"4,233,800.00"
04/04/2024,"63,957.91","65,588.03","63,957.91","65,396.25","1,500.00",0.02,"8,598,100.00"
03/04/2024,"64,533.25","64,533.25","63,957.91","63,957.91",-600.00,-0.01,"5,046,100.00"
02/04/2024,"64,245.58","64,629.14","63,957.91","64,533.25",300.00,0.00,"4,322,900.00"
01/04/2024,"64,820.91","64,916.80","64,245.58","64,245.58",-600.00,-0.01,"5,013,000.00"
29/03/2024,"65,588.03","65,588.03","64,725.03","64,820.91",-100.00,0.00,"3,694,900.00"
28/03/2024,"64,916.80","65,588.03","64,820.91","64,916.80",0.00,0.00,"4,492,200.00"
27/03/2024,"65,204.47","65,204.47","64,725.03","64,916.80",0.00,0.00,"2,812,100.00"
26/03/2024,"64,629.14","65,108.58","64,533.25","64,916.80",400.00,0.01,"2,524,500.00"
25/03/2024,"65,108.58","65,396.25","64,341.47","64,533.25",-500.00,-0.01,"5,588,600.00"
22/03/2024,"65,779.80","65,875.69","65,012.69","65,012.69",-600.00,-0.01,"6,162,600.00"
21/03/2024,"65,396.25","65,683.92","65,108.58","65,588.03",400.00,0.01,"5,061,700.00"
20/03/2024,"65,012.69","65,779.80","64,725.03","65,204.47",200.00,0.00,"3,657,800.00"
19/03/2024,"65,683.92","65,683.92","65,012.69","65,012.69",-100.00,0.00,"3,222,100.00"
18/03/2024,"65,971.58","66,259.25","64,820.91","65,108.58",-900.00,-0.01,"6,796,400.00"
15/03/2024,"67,218.14","67,218.14","65,875.69","65,971.58",-800.00,-0.01,"4,851,100.00"
14/03/2024,"67,212.02","67,496.01","66,549.36","66,738.69",-300.00,0.00,"5,476,400.00"
13/03/2024,"66,360.03","67,117.35","66,265.37","67,022.69",800.00,0.01,"5,702,600.00"
12/03/2024,"66,644.03","66,833.36","66,265.37","66,265.37",-300.00,0.00,"3,844,000.00"
11/03/2024,"66,738.69","67,496.01","66,265.37","66,549.36",300.00,0.00,"4,268,400.00"
08/03/2024,"68,253.33","69,010.65","66,265.37","66,265.37","-2,000.00",-0.03,"7,361,000.00"
07/03/2024,"67,874.67","68,253.33","67,496.01","68,158.67",200.00,0.00,"5,217,600.00"
06/03/2024,"69,389.31","69,578.64","67,969.34","67,969.34","-1,200.00",-0.02,"4,862,900.00"
05/03/2024,"68,158.67","69,105.31","67,874.67","69,105.31","1,000.00",0.01,"5,530,900.00"
04/03/2024,"67,969.34","68,821.32","67,780.01","68,158.67",500.00,0.01,"5,014,600.00"
01/03/2024,"68,253.33","68,253.33","67,401.35","67,685.34",-500.00,-0.01,"4,487,700.00"
29/02/2024,"68,726.65","69,389.31","67,780.01","68,158.67",-200.00,0.00,"6,568,800.00"
28/02/2024,"68,537.32","68,726.65","67,685.34","68,348.00",200.00,0.00,"3,509,000.00"
27/02/2024,"67,401.35","68,537.32","67,306.68","68,158.67","1,000.00",0.01,"5,282,500.00"
26/02/2024,"67,212.02","67,874.67","66,928.02","67,212.02",0.00,0.00,"3,138,400.00"
23/02/2024,"67,969.34","68,821.32","67,212.02","67,212.02",-600.00,-0.01,"6,142,500.00"
22/02/2024,"67,496.01","68,821.32","67,306.68","67,780.01",300.00,0.00,"4,698,100.00"
21/02/2024,"67,685.34","68,064.00","67,212.02","67,496.01",-200.00,0.00,"3,590,200.00"
20/02/2024,"67,874.67","68,537.32","67,496.01","67,685.34",-400.00,-0.01,"4,435,700.00"
19/02/2024,"67,117.35","68,726.65","66,928.02","68,064.00","1,900.00",0.03,"7,144,500.00"
16/02/2024,"64,182.74","66,549.36","63,898.75","66,265.37","2,400.00",0.04,"11,114,600.00"
15/02/2024,"63,993.41","64,372.07","63,614.75","63,993.41",0.00,0.00,"4,115,500.00"
07/02/2024,"63,993.41","64,277.41","63,614.75","63,993.41",0.00,0.00,"2,736,300.00"
06/02/2024,"64,466.74","64,561.40","63,993.41","63,993.41",-400.00,-0.01,"2,463,800.00"
05/02/2024,"63,804.08","64,561.40","63,614.75","64,372.07",600.00,0.01,"3,565,900.00"
02/02/2024,"63,898.75","64,088.08","63,425.42","63,804.08",-100.00,0.00,"2,677,300.00"
01/02/2024,"63,614.75","64,182.74","63,614.75","63,898.75",500.00,0.01,"2,549,300.00"
31/01/2024,"63,614.75","64,561.40","63,330.76","63,425.42",100.00,0.00,"4,441,100.00"
30/01/2024,"63,709.42","63,709.42","63,330.76","63,330.76",-100.00,0.00,"1,840,400.00"
29/01/2024,"63,520.09","63,709.42","63,330.76","63,425.42",0.00,0.00,"2,153,800.00"
26/01/2024,"63,425.42","63,898.75","63,425.42","63,425.42",100.00,0.00,"1,675,800.00"
25/01/2024,"63,804.08","63,898.75","63,330.76","63,330.76",-400.00,-0.01,"2,800,500.00"
24/01/2024,"64,182.74","64,372.07","63,614.75","63,709.42",-400.00,-0.01,"2,083,500.00"
23/01/2024,"64,656.07","64,656.07","63,993.41","64,088.08",-600.00,-0.01,"2,252,000.00"
22/01/2024,"64,372.07","65,034.73","64,372.07","64,656.07",300.00,0.00,"1,959,800.00"
19/01/2024,"63,804.08","64,940.06","63,804.08","64,372.07",600.00,0.01,"2,809,900.00"
18/01/2024,"63,709.42","64,182.74","63,709.42","63,804.08",300.00,0.00,"3,008,200.00"
17/01/2024,"63,898.75","64,277.41","63,425.42","63,520.09",-300.00,0.00,"1,916,400.00"
16/01/2024,"63,425.42","63,804.08","63,141.43","63,804.08",400.00,0.01,"2,072,400.00"
15/01/2024,"63,614.75","63,898.75","63,425.42","63,425.42",-200.00,0.00,"2,336,501.00"
12/01/2024,"63,993.41","64,277.41","63,425.42","63,614.75",-700.00,-0.01,"3,283,000.00"
11/01/2024,"63,898.75","64,845.40","63,898.75","64,277.41",400.00,0.01,"2,083,900.00"
10/01/2024,"64,466.74","64,466.74","63,804.08","63,898.75",-600.00,-0.01,"3,006,600.00"
09/01/2024,"64,561.40","64,845.40","64,372.07","64,466.74",-100.00,0.00,"2,579,400.00"
08/01/2024,"65,318.72","65,413.39","64,561.40","64,561.40",-600.00,-0.01,"2,396,400.00"
05/01/2024,"65,602.72","65,602.72","64,845.40","65,129.39",-200.00,0.00,"1,775,700.00"
04/01/2024,"65,413.39","65,792.05","65,318.72","65,318.72",0.00,0.00,"3,401,500.00"
03/01/2024,"64,750.73","65,318.72","64,372.07","65,318.72",700.00,0.01,"1,979,801.00"
02/01/2024,"64,561.40","64,845.40","64,277.41","64,656.07",700.00,0.01,"2,142,800.00"
29/12/2023,"65,034.73","65,034.73","63,993.41","63,993.41",-900.00,-0.01,"2,257,800.00"
28/12/2023,"63,898.75","64,845.40","63,898.75","64,845.40","1,000.00",0.01,"2,873,700.00"
27/12/2023,"64,372.07","64,561.40","63,898.75","63,898.75",0.00,0.00,"1,736,400.00"
26/12/2023,"64,180.66","64,368.59","63,898.75","63,898.75",100.00,0.00,"1,975,400.00"
25/12/2023,"63,522.87","64,556.53","63,522.87","63,804.78",300.00,0.00,"3,128,279.00"
22/12/2023,"63,710.81","63,992.72","63,428.91","63,522.87",-200.00,0.00,"2,620,700.00"
21/12/2023,"63,804.78","64,180.66","63,710.81","63,710.81",-300.00,0.00,"2,875,900.00"
20/12/2023,"62,959.06","64,086.69","62,959.06","63,992.72","1,100.00",0.02,"2,623,900.00"
19/12/2023,"63,053.03","63,334.94","62,301.28","62,959.06",0.00,0.00,"3,151,900.00"
18/12/2023,"63,992.72","64,086.69","62,959.06","62,959.06","-1,100.00",-0.02,"3,613,100.00"
15/12/2023,"64,368.59","64,462.56","63,992.72","63,992.72",-300.00,0.00,"4,122,500.00"
14/12/2023,"64,274.62","64,744.47","64,086.69","64,274.62",200.00,0.00,"1,462,000.00"
13/12/2023,"65,402.25","65,496.22","63,992.72","64,086.69","-1,200.00",-0.02,"4,601,000.00"
12/12/2023,"65,778.12","65,872.09","64,838.44","65,214.31",-600.00,-0.01,"2,788,700.00"
11/12/2023,"66,247.97","66,247.97","65,684.16","65,778.12","1,000.00",0.01,"4,764,500.00"
08/12/2023,"64,274.62","65,120.34","63,898.75","64,838.44",600.00,0.01,"3,729,400.00"
07/12/2023,"64,650.50","64,650.50","63,428.91","64,274.62",-100.00,0.00,"3,921,300.00"
06/12/2023,"63,992.72","64,462.56","63,992.72","64,368.59",400.00,0.01,"1,606,600.00"
05/12/2023,"64,650.50","64,838.44","63,898.75","63,992.72",-700.00,-0.01,"2,302,100.00"
04/12/2023,"64,368.59","65,308.28","64,274.62","64,650.50",400.00,0.01,"3,006,800.00"
01/12/2023,"63,898.75","64,368.59","63,616.84","64,274.62","1,000.00",0.01,"1,558,800.00"
30/11/2023,"64,274.62","64,556.53","63,334.94","63,334.94","-1,000.00",-0.01,"2,630,600.00"
29/11/2023,"64,368.59","64,650.50","64,086.69","64,274.62",-100.00,0.00,"1,419,153.00"
28/11/2023,"63,992.72","64,368.59","63,428.91","64,368.59",400.00,0.01,"1,957,253.00"
27/11/2023,"64,180.66","64,274.62","63,804.78","63,992.72",-200.00,0.00,"1,333,300.00"
24/11/2023,"64,462.56","64,744.47","63,522.87","64,180.66",-400.00,-0.01,"3,128,900.00"
23/11/2023,"65,590.19","65,684.16","64,556.53","64,556.53",-700.00,-0.01,"1,653,100.00"
22/11/2023,"65,308.28","65,966.06","64,838.44","65,214.31",-100.00,0.00,"1,533,200.00"
21/11/2023,"65,214.31","65,590.19","64,744.47","65,308.28",200.00,0.00,"2,989,800.00"
20/11/2023,"65,026.37","65,684.16","64,838.44","65,120.34",-700.00,-0.01,"2,001,000.00"
17/11/2023,"66,717.81","66,811.78","65,026.37","65,778.12",-300.00,0.00,"2,335,800.00"
16/11/2023,"66,341.94","66,999.72","65,684.16","66,060.03",-400.00,-0.01,"2,368,200.00"
15/11/2023,"65,778.12","67,469.56","65,778.12","66,435.91","1,800.00",0.03,"3,949,400.00"
14/11/2023,"64,838.44","65,214.31","64,086.69","64,744.47",200.00,0.00,"2,996,000.00"
13/11/2023,"65,496.22","65,778.12","64,462.56","64,556.53",-900.00,-0.01,"1,730,800.00"
10/11/2023,"66,529.87","66,529.87","65,402.25","65,402.25","-1,100.00",-0.02,"2,833,100.00"
09/11/2023,"67,281.62","67,751.47","66,435.91","66,435.91",-700.00,-0.01,"3,420,100.00"
08/11/2023,"66,529.87","67,187.66","65,590.19","67,093.69",600.00,0.01,"2,339,600.00"
07/11/2023,"66,247.97","66,529.87","65,590.19","66,529.87",-200.00,0.00,"1,474,700.00"
06/11/2023,"65,966.06","67,187.66","65,872.09","66,717.81","1,000.00",0.01,"1,136,800.00"
03/11/2023,"66,623.84","66,623.84","65,590.19","65,778.12",-900.00,-0.01,"1,692,700.00"
02/11/2023,"66,247.97","66,623.84","65,590.19","66,623.84",500.00,0.01,"2,390,200.00"
01/11/2023,"64,838.44","66,247.97","63,804.78","66,154.00","2,400.00",0.04,"2,337,200.00"
31/10/2023,"63,804.78","65,308.28","63,522.87","63,898.75",400.00,0.01,"2,183,600.00"
30/10/2023,"63,804.78","63,898.75","63,053.03","63,522.87",-400.00,-0.01,"1,112,000.00"
27/10/2023,"63,240.97","63,898.75","62,583.19","63,898.75","1,000.00",0.01,"1,811,000.00"
26/10/2023,"64,368.59","64,462.56","61,925.41","62,959.06","-2,000.00",-0.03,"5,201,700.00"
25/10/2023,"66,060.03","66,529.87","64,838.44","64,838.44","-1,300.00",-0.02,"2,477,700.00"
24/10/2023,"65,966.06","66,529.87","65,872.09","66,060.03",100.00,0.00,"1,099,508.00"
23/10/2023,"67,375.59","67,657.50","65,872.09","65,966.06","-2,100.00",-0.03,"2,804,900.00"
20/10/2023,"66,999.72","68,127.34","65,966.06","67,939.41",900.00,0.01,"2,371,808.00"
19/10/2023,"68,973.06","68,973.06","66,623.84","67,093.69","-2,500.00",-0.03,"4,007,700.00"
18/10/2023,"70,288.62","70,288.62","68,033.37","69,442.91",-900.00,-0.01,"2,572,400.00"
17/10/2023,"70,758.47","71,510.22","70,288.62","70,288.62",-400.00,-0.01,"1,595,900.00"
16/10/2023,"70,570.53","71,228.31","70,194.66","70,664.50",-600.00,-0.01,"1,374,400.00"
13/10/2023,"70,852.44","71,698.16","70,476.56","71,228.31",300.00,0.00,"1,560,000.00"
12/10/2023,"70,006.72","71,322.28","70,006.72","70,946.41","1,100.00",0.01,"2,534,800.00"
11/10/2023,"70,100.69","70,288.62","69,536.87","69,912.75",0.00,0.00,"1,898,774.00"
10/10/2023,"69,818.78","70,476.56","69,536.87","69,912.75",700.00,0.01,"1,123,900.00"
09/10/2023,"69,536.87","69,630.84","69,161.00","69,254.97",-500.00,-0.01,"1,621,374.00"
06/10/2023,"68,315.28","69,724.81","68,221.31","69,724.81","1,500.00",0.02,"1,327,000.00"
05/10/2023,"69,630.84","69,912.75","68,315.28","68,315.28","-1,700.00",-0.02,"2,645,700.00"
04/10/2023,"69,161.00","70,100.69","68,973.06","69,912.75",400.00,0.01,"1,177,900.00"
03/10/2023,"70,100.69","70,570.53","69,442.91","69,536.87","-1,600.00",-0.02,"2,013,700.00"
02/10/2023,"69,724.81","71,040.37","69,724.81","71,040.37","1,400.00",0.02,"1,304,901.00"
29/09/2023,"70,476.56","71,792.12","69,724.81","69,724.81",-600.00,-0.01,"1,403,900.00"
28/09/2023,"71,510.22","71,792.12","70,288.62","70,288.62","-1,800.00",-0.02,"2,034,300.00"
27/09/2023,"71,698.16","71,980.06","70,288.62","71,980.06",500.00,0.01,"2,273,300.00"
26/09/2023,"72,919.75","73,295.62","71,416.25","71,510.22","-1,500.00",-0.02,"2,634,600.00"
25/09/2023,"72,543.87","73,765.47","72,074.03","72,919.75",100.00,0.00,"2,795,503.00"
22/09/2023,"72,449.91","73,577.53","71,228.31","72,825.78",-500.00,-0.01,"4,361,903.00"
21/09/2023,"73,389.59","73,577.53","72,637.84","73,295.62",-300.00,0.00,"2,577,902.00"
20/09/2023,"73,671.50","74,047.37","73,295.62","73,577.53",-600.00,-0.01,"2,403,202.00"
19/09/2023,"73,765.47","74,141.34","72,731.81","74,141.34",0.00,0.00,"2,571,703.00"
18/09/2023,"74,329.28","74,987.06","73,953.41","74,141.34",-600.00,-0.01,"1,499,600.00"
15/09/2023,"74,611.19","76,302.62","74,235.31","74,705.16",100.00,0.00,"5,614,800.00"
14/09/2023,"73,765.47","75,175.00","73,671.50","74,611.19",300.00,0.00,"2,660,100.00"
13/09/2023,"74,799.12","75,456.91","73,953.41","74,329.28","-1,200.00",-0.01,"2,507,600.00"
12/09/2023,"74,235.31","75,832.78","73,577.53","75,456.91",800.00,0.01,"2,708,500.00"
11/09/2023,"75,175.00","76,208.66","72,919.75","74,705.16",-500.00,-0.01,"4,234,900.00"
08/09/2023,"74,423.25","75,268.97","74,329.28","75,175.00",500.00,0.01,"2,774,901.00"
07/09/2023,"75,081.03","75,175.00","73,859.44","74,705.16",-500.00,-0.01,"3,726,700.00"
06/09/2023,"75,268.97","75,268.97","74,705.16","75,175.00",-100.00,0.00,"2,280,401.00"
05/09/2023,"73,765.47","75,644.84","73,389.59","75,268.97","2,300.00",0.03,"6,839,901.00"
31/08/2023,"72,825.78","74,141.34","72,449.91","73,107.69",0.00,0.00,"4,386,000.00"
30/08/2023,"72,355.94","73,765.47","71,886.09","73,107.69",400.00,0.01,"2,659,700.00"
29/08/2023,"72,825.78","72,919.75","71,604.19","72,731.81",-500.00,-0.01,"4,199,901.00"
28/08/2023,"70,476.56","73,389.59","70,476.56","73,201.66","3,000.00",0.04,"6,039,700.00"
25/08/2023,"70,758.47","70,758.47","69,818.78","70,382.59",200.00,0.00,"3,045,401.00"
24/08/2023,"69,067.03","70,382.59","68,597.19","70,194.66","1,200.00",0.02,"5,206,002.00"
23/08/2023,"68,033.37","69,161.00","67,281.62","69,067.03",800.00,0.01,"4,172,801.00"
22/08/2023,"68,785.12","68,785.12","66,811.78","68,315.28",-200.00,0.00,"3,075,108.00"
21/08/2023,"68,315.28","69,348.94","68,315.28","68,503.22",-400.00,-0.01,"3,617,708.00"
18/08/2023,"69,067.03","70,288.62","67,751.47","68,879.09",-300.00,0.00,"7,106,201.00"
17/08/2023,"68,691.16","70,006.72","68,503.22","69,161.00",500.00,0.01,"4,650,904.00"
16/08/2023,"68,409.25","69,067.03","68,127.34","68,691.16",300.00,0.00,"2,083,904.00"
15/08/2023,"68,503.22","68,973.06","68,315.28","68,409.25",-600.00,-0.01,"2,259,703.00"
14/08/2023,"68,973.06","69,067.03","68,127.34","68,973.06",-100.00,0.00,"3,366,511.00"
11/08/2023,"68,691.16","69,067.03","68,033.37","69,067.03",400.00,0.01,"2,204,332.00"
10/08/2023,"68,691.16","69,536.87","68,503.22","68,691.16",0.00,0.00,"2,813,226.00"
09/08/2023,"70,006.72","70,006.72","68,409.25","68,691.16","-1,400.00",-0.02,"3,727,162.00"
08/08/2023,"70,194.66","70,382.59","69,442.91","70,006.72",-400.00,-0.01,"3,510,526.00"
07/08/2023,"68,503.22","70,382.59","67,939.41","70,382.59","1,900.00",0.03,"5,087,933.00"
04/08/2023,"68,127.34","68,597.19","67,657.50","68,597.19",400.00,0.01,"3,165,220.00"
03/08/2023,"69,630.84","69,630.84","68,221.31","68,221.31","-1,100.00",-0.01,"2,917,624.00"
02/08/2023,"69,117.04","69,571.76","68,480.44","69,207.98",100.00,0.00,"5,698,936.00"
01/08/2023,"70,935.91","70,935.91","69,117.04","69,117.04","-2,000.00",-0.03,"5,730,817.00"
31/07/2023,"70,299.30","71,299.68","70,208.36","70,935.91",600.00,0.01,"3,814,939.00"
28/07/2023,"68,935.15","70,663.08","68,753.27","70,390.25","1,700.00",0.02,"6,143,629.00"
27/07/2023,"68,207.61","68,935.15","68,025.72","68,844.21",700.00,0.01,"6,208,219.00"
26/07/2023,"67,661.94","68,389.49","67,571.00","68,207.61",500.00,0.01,"3,189,718.00"
25/07/2023,"66,934.40","67,934.77","66,479.68","67,752.89",900.00,0.01,"6,645,914.00"
24/07/2023,"66,843.45","67,298.17","66,661.57","66,934.40",100.00,0.00,"2,535,331.00"
21/07/2023,"66,024.96","66,843.45","65,934.02","66,843.45",900.00,0.01,"3,821,822.00"
20/07/2023,"66,024.96","66,206.85","65,752.13","66,024.96",0.00,0.00,"2,600,707.00"
19/07/2023,"65,934.02","66,388.74","65,843.07","66,024.96",200.00,0.00,"3,025,100.00"
18/07/2023,"65,934.02","66,024.96","65,661.19","65,843.07",100.00,0.00,"5,537,000.00"
17/07/2023,"66,388.74","66,934.40","65,661.19","65,752.13","-1,000.00",-0.01,"5,802,800.00"
14/07/2023,"66,570.62","66,752.51","65,570.24","66,661.57",200.00,0.00,"7,399,700.00"
13/07/2023,"66,752.51","67,116.28","66,297.79","66,479.68",-400.00,-0.01,"4,376,500.00"
12/07/2023,"66,297.79","66,843.45","66,024.96","66,843.45",700.00,0.01,"4,195,800.00"
11/07/2023,"65,570.24","66,752.51","65,206.47","66,206.85",700.00,0.01,"6,235,300.00"
10/07/2023,"64,933.64","66,115.91","64,751.75","65,570.24","1,200.00",0.02,"6,201,102.00"
07/07/2023,"64,297.04","64,751.75","64,024.21","64,478.92",400.00,0.01,"5,780,500.00"
06/07/2023,"63,569.49","64,297.04","63,478.54","64,115.15",700.00,0.01,"7,631,000.00"
05/07/2023,"64,387.98","64,387.98","63,296.66","63,478.54",-800.00,-0.01,"6,873,600.00"
04/07/2023,"64,115.15","64,751.75","63,751.37","64,206.09",-100.00,0.00,"4,923,805.00"
03/07/2023,"64,660.81","64,933.64","63,933.26","64,297.04",-300.00,0.00,"3,186,200.00"
30/06/2023,"65,388.36","65,479.30","64,387.98","64,569.87",-900.00,-0.01,"3,645,000.00"
29/06/2023,"64,206.09","65,843.07","63,751.37","65,388.36","1,300.00",0.02,"7,911,400.00"
28/06/2023,"64,115.15","64,478.92","63,387.60","64,206.09",100.00,0.00,"6,204,700.00"
27/06/2023,"64,387.98","64,387.98","63,296.66","64,115.15",-100.00,0.00,"6,128,900.00"
26/06/2023,"63,023.83","64,297.04","62,114.39","64,206.09","1,500.00",0.02,"10,737,800.00"
23/06/2023,"60,932.13","63,205.71","60,932.13","62,841.94","2,200.00",0.03,"11,958,000.00"
22/06/2023,"60,477.41","61,204.96","60,295.52","60,841.18",600.00,0.01,"5,610,600.00"
21/06/2023,"59,658.92","60,295.52","59,567.98","60,295.52",800.00,0.01,"4,490,900.00"
20/06/2023,"59,931.75","59,931.75","59,567.98","59,567.98",-300.00,0.00,"2,993,000.00"
19/06/2023,"60,295.52","60,568.35","59,658.92","59,840.81",-300.00,0.00,"3,279,400.00"
16/06/2023,"60,477.41","60,568.35","60,022.69","60,113.64",-200.00,0.00,"6,021,785.00"
15/06/2023,"61,204.96","61,295.90","60,204.58","60,295.52",-800.00,-0.01,"5,810,400.00"
14/06/2023,"61,568.73","62,023.45","61,023.07","61,023.07",-500.00,-0.01,"5,404,900.00"
13/06/2023,"61,932.51","62,114.39","61,386.84","61,477.79",-300.00,0.00,"4,973,400.00"
12/06/2023,"60,022.69","61,841.56","60,022.69","61,750.62","2,100.00",0.03,"5,471,300.00"
09/06/2023,"59,658.92","60,477.41","59,567.98","59,840.81",300.00,0.00,"2,080,200.00"
08/06/2023,"60,477.41","60,477.41","59,567.98","59,567.98",-700.00,-0.01,"5,180,900.00"
07/06/2023,"60,477.41","60,659.30","60,022.69","60,204.58",-200.00,0.00,"3,719,000.00"
06/06/2023,"60,841.18","60,841.18","60,022.69","60,386.47",-100.00,0.00,"3,423,000.00"
05/06/2023,"60,477.41","61,114.01","60,204.58","60,477.41",600.00,0.01,"3,323,000.00"
02/06/2023,"60,204.58","60,295.52","59,567.98","59,931.75",-200.00,0.00,"3,138,500.00"
01/06/2023,"60,113.64","60,477.41","60,022.69","60,113.64",0.00,0.00,"1,214,500.00"
31/05/2023,"60,750.24","60,750.24","60,113.64","60,113.64",-400.00,-0.01,"1,536,600.00"
30/05/2023,"61,023.07","61,295.90","60,477.41","60,477.41",-600.00,-0.01,"3,248,000.00"
29/05/2023,"61,204.96","61,568.73","61,023.07","61,023.07",0.00,0.00,"2,348,900.00"
26/05/2023,"61,295.90","61,841.56","61,023.07","61,023.07",0.00,0.00,"2,118,800.00"
25/05/2023,"60,204.58","61,386.84","60,022.69","61,023.07",800.00,0.01,"1,970,600.00"
24/05/2023,"61,023.07","61,295.90","60,113.64","60,295.52",-700.00,-0.01,"2,350,000.00"
23/05/2023,"61,841.56","62,205.34","60,932.13","60,932.13","-1,200.00",-0.02,"2,935,700.00"
22/05/2023,"62,478.17","62,751.00","62,023.45","62,023.45",-400.00,-0.01,"1,698,000.00"
19/05/2023,"63,114.77","63,205.71","62,387.22","62,387.22",-600.00,-0.01,"1,329,500.00"
18/05/2023,"62,751.00","63,660.43","62,296.28","62,932.88",200.00,0.00,"2,622,200.00"
17/05/2023,"63,387.60","63,387.60","62,569.11","62,751.00",-700.00,-0.01,"1,993,000.00"
16/05/2023,"62,751.00","63,387.60","62,751.00","63,387.60",700.00,0.01,"1,947,400.00"
15/05/2023,"63,569.49","63,569.49","62,751.00","62,751.00",-600.00,-0.01,"2,105,600.00"
12/05/2023,"64,024.21","64,024.21","63,205.71","63,296.66",-400.00,-0.01,"1,214,100.00"
11/05/2023,"64,115.15","64,478.92","63,660.43","63,660.43",-500.00,-0.01,"767,500.00"
10/05/2023,"64,387.98","64,660.81","64,115.15","64,115.15",-200.00,0.00,"1,451,601.00"
09/05/2023,"64,387.98","64,569.87","64,115.15","64,297.04",300.00,0.00,"2,985,200.00"
08/05/2023,"62,751.00","64,024.21","62,751.00","64,024.21","1,600.00",0.02,"1,897,300.00"
05/05/2023,"62,387.22","62,932.88","62,387.22","62,569.11",200.00,0.00,"1,786,200.00"
04/05/2023,"63,660.43","63,660.43","62,205.34","62,387.22","-1,400.00",-0.02,"3,172,800.00"
28/04/2023,"63,478.54","63,842.32","63,387.60","63,660.43",500.00,0.01,"2,136,300.00"
27/04/2023,"64,569.87","64,569.87","63,205.71","63,205.71","-1,500.00",-0.02,"1,369,100.00"
26/04/2023,"63,660.43","64,569.87","63,660.43","64,569.87","1,100.00",0.02,"5,145,618.00"
25/04/2023,"64,115.15","64,933.64","63,478.54","63,569.49",-600.00,-0.01,"1,370,200.00"
24/04/2023,"64,569.87","64,660.81","63,842.32","64,115.15",-400.00,-0.01,"1,851,900.00"
21/04/2023,"65,479.30","65,479.30","64,387.98","64,478.92","-1,000.00",-0.01,"1,643,300.00"
20/04/2023,"65,570.24","66,024.96","65,297.41","65,388.36",-100.00,0.00,"1,322,300.00"
19/04/2023,"66,479.68","66,479.68","65,479.30","65,479.30","-1,000.00",-0.01,"816,300.00"
18/04/2023,"65,297.41","66,388.74","65,297.41","66,388.74","1,300.00",0.02,"1,820,300.00"
17/04/2023,"66,206.85","66,297.79","65,206.47","65,206.47","-1,100.00",-0.02,"1,365,400.00"
14/04/2023,"66,934.40","67,025.34","66,206.85","66,206.85",-700.00,-0.01,"1,294,000.00"
13/04/2023,"67,571.00","67,661.94","66,843.45","66,843.45",-800.00,-0.01,"1,748,200.00"
12/04/2023,"67,661.94","67,661.94","67,298.17","67,571.00",-100.00,0.00,"979,100.00"
11/04/2023,"67,571.00","67,752.89","67,389.11","67,661.94",0.00,0.00,"782,800.00"
10/04/2023,"67,934.77","67,934.77","67,661.94","67,661.94",-300.00,0.00,"832,700.00"
07/04/2023,"67,661.94","67,934.77","67,571.00","67,934.77",400.00,0.01,"794,400.00"
06/04/2023,"67,661.94","67,843.83","67,571.00","67,571.00",-200.00,0.00,"967,300.00"
05/04/2023,"67,480.06","68,025.72","67,389.11","67,752.89",300.00,0.00,"963,400.00"
04/04/2023,"67,661.94","67,752.89","67,480.06","67,480.06",-200.00,0.00,"1,819,000.00"
03/04/2023,"67,843.83","68,116.66","67,480.06","67,661.94",0.00,0.00,"850,600.00"
31/03/2023,"68,207.61","68,571.38","67,661.94","67,661.94",-600.00,-0.01,"1,076,100.00"
30/03/2023,"67,934.77","68,571.38","67,843.83","68,207.61",100.00,0.00,"838,700.00"
29/03/2023,"67,934.77","68,116.66","67,661.94","68,116.66",500.00,0.01,"907,400.00"
28/03/2023,"67,752.89","68,480.44","67,661.94","67,661.94",-200.00,0.00,"1,650,000.00"
27/03/2023,"68,207.61","68,207.61","67,571.00","67,843.83",-400.00,-0.01,"1,461,500.00"
24/03/2023,"68,207.61","68,662.32","68,025.72","68,207.61",-300.00,0.00,"932,300.00"
23/03/2023,"67,571.00","68,480.44","67,298.17","68,480.44",900.00,0.01,"1,805,000.00"
22/03/2023,"67,843.83","67,934.77","67,661.94","67,661.94",0.00,0.00,"900,200.00"
21/03/2023,"67,661.94","68,298.55","67,480.06","67,661.94",100.00,0.00,"1,350,200.00"
20/03/2023,"68,207.61","68,207.61","67,389.11","67,571.00",-200.00,0.00,"1,609,600.00"
17/03/2023,"69,480.81","69,480.81","67,752.89","67,752.89","-1,900.00",-0.02,"2,512,800.00"
16/03/2023,"70,026.47","70,117.42","69,026.10","69,480.81",-700.00,-0.01,"1,895,200.00"
15/03/2023,"69,662.70","70,299.30","69,571.76","70,117.42",500.00,0.01,"2,040,200.00"
14/03/2023,"69,389.87","69,935.53","68,753.27","69,662.70",-300.00,0.00,"1,735,100.00"
13/03/2023,"69,844.59","70,117.42","69,662.70","69,935.53",0.00,0.00,"1,824,500.00"
10/03/2023,"69,571.76","70,208.36","69,207.98","69,935.53",400.00,0.01,"1,427,700.00"
09/03/2023,"69,298.93","70,117.42","69,298.93","69,571.76",0.00,0.00,"1,489,700.00"
08/03/2023,"68,389.49","69,571.76","68,207.61","69,571.76",700.00,0.01,"1,244,400.00"
07/03/2023,"69,026.10","69,298.93","68,662.32","68,935.15",800.00,0.01,"1,170,900.00"
06/03/2023,"69,117.04","69,662.70","68,207.61","68,207.61","-1,000.00",-0.01,"891,800.00"
03/03/2023,"68,207.61","69,844.59","68,207.61","69,117.04",-500.00,-0.01,"704,200.00"
02/03/2023,"69,935.53","69,935.53","69,207.98","69,571.76",-400.00,-0.01,"1,088,800.00"
01/03/2023,"68,298.55","70,026.47","68,207.61","69,935.53","1,400.00",0.02,"1,635,500.00"
28/02/2023,"68,662.32","69,026.10","68,298.55","68,662.32",300.00,0.00,"1,034,300.00"
27/02/2023,"67,934.77","69,026.10","67,298.17","68,389.49",500.00,0.01,"1,112,500.00"
24/02/2023,"68,844.21","69,117.04","67,752.89","67,934.77","-1,000.00",-0.01,"1,681,000.00"
23/02/2023,"68,662.32","69,935.53","67,661.94","68,844.21",200.00,0.00,"2,327,900.00"
22/02/2023,"69,389.87","69,753.64","68,662.32","68,662.32","-1,700.00",-0.02,"1,383,600.00"
21/02/2023,"70,481.19","70,572.14","69,753.64","70,208.36",-300.00,0.00,"888,300.00"
20/02/2023,"69,117.04","70,481.19","68,662.32","70,481.19","1,500.00",0.02,"1,385,300.00"
17/02/2023,"69,207.98","69,480.81","68,480.44","69,117.04",-500.00,-0.01,"943,900.00"
16/02/2023,"69,117.04","69,571.76","68,753.27","69,571.76",500.00,0.01,"691,300.00"
15/02/2023,"67,934.77","69,117.04","67,661.94","69,117.04","1,300.00",0.02,"1,443,500.00"
14/02/2023,"68,480.44","68,844.21","67,661.94","67,934.77",-600.00,-0.01,"1,193,500.00"
13/02/2023,"69,026.10","69,026.10","67,389.11","68,480.44",-600.00,-0.01,"1,637,632.00"
10/02/2023,"68,207.61","69,026.10","68,207.61","69,026.10",900.00,0.01,"1,236,100.00"
09/02/2023,"68,935.15","69,117.04","68,207.61","68,207.61",-800.00,-0.01,"1,619,600.00"
08/02/2023,"69,298.93","69,662.70","68,844.21","68,935.15",-300.00,0.00,"1,550,000.00"
07/02/2023,"70,572.14","70,572.14","69,207.98","69,207.98","-1,300.00",-0.02,"1,274,400.00"
06/02/2023,"69,026.10","70,481.19","69,026.10","70,390.25","1,400.00",0.02,"1,910,700.00"
03/02/2023,"70,026.47","70,117.42","69,026.10","69,117.04",-700.00,-0.01,"1,967,400.00"
02/02/2023,"70,390.25","70,481.19","69,753.64","69,753.64",-500.00,-0.01,"1,520,400.00"
01/02/2023,"70,663.08","70,754.02","69,935.53","70,208.36",100.00,0.00,"1,810,400.00"
31/01/2023,"72,027.23","72,300.06","69,935.53","70,117.42","-2,300.00",-0.03,"4,947,600.00"
30/01/2023,"72,754.78","72,754.78","72,209.12","72,209.12",-600.00,-0.01,"1,614,000.00"
27/01/2023,"74,027.99","74,482.70","72,391.00","72,754.78","-1,300.00",-0.02,"2,331,800.00"
19/01/2023,"73,482.33","74,118.93","72,754.78","73,937.04",0.00,0.00,"2,792,100.00"
18/01/2023,"73,573.27","74,118.93","73,391.38","73,937.04",400.00,0.00,"1,397,900.00"
17/01/2023,"72,936.67","73,664.21","72,209.12","73,573.27","1,500.00",0.02,"1,791,400.00"
16/01/2023,"73,300.44","73,482.33","72,209.12","72,209.12","-1,200.00",-0.01,"854,700.00"
13/01/2023,"72,936.67","73,755.16","72,845.72","73,300.44",600.00,0.01,"1,689,000.00"
12/01/2023,"72,663.84","72,936.67","72,118.17","72,754.78",600.00,0.01,"754,900.00"
11/01/2023,"73,664.21","74,209.87","72,209.12","72,209.12","-1,600.00",-0.02,"1,574,700.00"
10/01/2023,"73,573.27","74,118.93","73,300.44","73,664.21",300.00,0.00,"1,216,000.00"
09/01/2023,"72,663.84","73,391.38","72,391.00","73,391.38",900.00,0.01,"948,300.00"
06/01/2023,"73,664.21","73,846.10","72,391.00","72,572.89","-1,400.00",-0.02,"1,309,700.00"
05/01/2023,"72,118.17","74,027.99","71,845.34","73,846.10","1,900.00",0.02,"2,469,800.00"
04/01/2023,"71,572.51","72,118.17","71,481.57","72,118.17",800.00,0.01,"1,153,800.00"
03/01/2023,"69,571.76","71,390.63","69,298.93","71,390.63","2,400.00",0.03,"1,496,000.00"
30/12/2022,"70,935.91","70,935.91","69,207.98","69,207.98",-900.00,-0.01,"1,243,300.00"
29/12/2022,"70,390.25","71,117.80","70,026.47","70,026.47",,,"1,329,700.00"
28/12/2022,"69,753.64","70,935.91","69,662.70","70,026.47",,,"1,248,500.00"
27/12/2022,"69,844.59","70,935.91","69,117.04","69,662.70",,,"1,586,800.00"
26/12/2022,"69,480.81","70,572.14","69,026.10","69,117.04",,,"1,717,600.00"
23/12/2022,"70,117.42","71,117.80","69,298.93","69,298.93",,,"1,561,800.00"
22/12/2022,"72,118.17","72,300.06","70,026.47","70,026.47",,,"1,630,400.00"
21/12/2022,"71,208.74","72,012.85","71,030.05","71,208.74",,,"2,305,500.00"
20/12/2022,"69,064.44","71,208.74","68,707.05","70,315.28",,,"3,030,300.00"
19/12/2022,"70,136.59","70,136.59","68,796.40","68,796.40",,,"2,422,700.00"
16/12/2022,"69,421.82","70,404.63","69,332.47","69,689.86",,,"3,002,000.00"
15/12/2022,"69,243.13","70,762.01","69,064.44","69,332.47",,,"2,595,300.00"
14/12/2022,"70,940.70","70,940.70","69,243.13","69,243.13",,,"3,865,200.00"
13/12/2022,"70,225.93","70,940.70","68,975.09","69,689.86",,,"4,051,300.00"
12/12/2022,"71,744.82","73,174.35","70,047.24","70,136.59",,,"3,942,700.00"
09/12/2022,"72,370.24","73,085.01","71,476.78","71,476.78",,,"2,408,500.00"
08/12/2022,"74,157.16","75,050.62","72,370.24","72,370.24",,,"1,677,100.00"
07/12/2022,"74,157.16","75,318.65","73,085.01","73,710.43",,,"1,939,600.00"
06/12/2022,"75,944.08","76,033.42","73,710.43","73,710.43",,,"1,395,300.00"
05/12/2022,"75,139.96","76,480.15","75,139.96","75,944.08",,,"2,066,000.00"
02/12/2022,"73,531.73","75,050.62","73,263.70","75,050.62",,,"2,600,500.00"
01/12/2022,"72,906.31","74,067.81","72,906.31","73,621.08",,,"2,216,800.00"
30/11/2022,"74,157.16","74,157.16","72,816.97","73,978.46",,,"1,995,600.00"
29/11/2022,"72,638.28","74,425.19","71,923.51","74,157.16",,,"2,404,200.00"
28/11/2022,"73,263.70","74,514.54","72,995.66","72,995.66",,,"2,299,200.00"
25/11/2022,"72,638.28","73,889.12","72,370.24","73,442.39",,,"2,596,100.00"
24/11/2022,"70,583.32","72,548.93","70,493.97","72,548.93",,,"3,261,400.00"
23/11/2022,"71,030.05","71,208.74","69,957.90","70,940.70",,,"773,100.00"
22/11/2022,"69,243.13","71,655.47","69,153.78","71,030.05",,,"2,281,200.00"
21/11/2022,"68,796.40","69,600.51","68,707.05","69,600.51",,,"1,787,400.00"
18/11/2022,"68,796.40","69,511.17","67,634.90","68,796.40",,,"2,229,300.00"
17/11/2022,"68,617.71","69,957.90","67,098.82","67,902.94",,,"2,599,500.00"
16/11/2022,"67,456.21","70,404.63","65,937.33","66,562.75",,,"4,122,600.00"
15/11/2022,"70,583.32","70,940.70","68,349.67","68,796.40",,,"2,389,600.00"
14/11/2022,"69,689.86","73,263.70","67,992.28","70,583.32",,,"2,766,800.00"
11/11/2022,"70,493.97","71,834.16","70,047.24","70,047.24",,,"1,564,400.00"
10/11/2022,"72,280.89","72,370.24","68,796.40","70,047.24",,,"2,637,600.00"
09/11/2022,"73,263.70","73,442.39","71,476.78","72,280.89",,,"2,701,100.00"
08/11/2022,"73,442.39","73,621.08","71,119.39","73,621.08",,,"2,501,400.00"
07/11/2022,"71,566.12","73,442.39","71,476.78","73,442.39",,,"2,638,300.00"
04/11/2022,"71,387.43","72,370.24","69,689.86","71,476.78",,,"3,179,200.00"
03/11/2022,"69,689.86","72,102.20","69,689.86","71,476.78",,,"1,278,300.00"
02/11/2022,"71,655.47","71,744.82","69,957.90","69,957.90",,,"1,830,500.00"
01/11/2022,"70,136.59","73,710.43","70,136.59","71,655.47",,,"3,180,100.00"
31/10/2022,"69,421.82","70,136.59","69,064.44","70,136.59",,,"1,949,200.00"
28/10/2022,"70,136.59","70,225.93","69,421.82","69,689.86",,,"1,614,400.00"
27/10/2022,"67,902.94","70,136.59","67,902.94","70,136.59",,,"2,283,600.00"
26/10/2022,"67,902.94","68,260.32","67,545.55","67,902.94",,,"1,467,000.00"
25/10/2022,"66,205.37","68,617.71","66,205.37","67,902.94",,,"1,657,600.00"
24/10/2022,"68,975.09","68,975.09","66,116.02","66,116.02",,,"2,342,300.00"
21/10/2022,"69,243.13","70,047.24","68,349.67","68,796.40",,,"2,097,600.00"
20/10/2022,"68,439.01","69,243.13","67,724.25","69,243.13",,,"2,664,900.00"
19/10/2022,"67,992.28","68,617.71","67,992.28","68,439.01",,,"1,467,000.00"
18/10/2022,"67,009.48","68,796.40","66,741.44","68,349.67",,,"3,172,000.00"
17/10/2022,"65,937.33","67,098.82","65,847.98","66,205.37",,,"1,812,700.00"
14/10/2022,"66,116.02","66,562.75","65,847.98","66,116.02",,,"1,746,000.00"
13/10/2022,"63,435.64","65,937.33","63,256.95","65,937.33",,,"3,171,000.00"
12/10/2022,"62,988.91","64,061.06","62,631.53","63,971.72",,,"1,274,000.00"
11/10/2022,"62,988.91","63,882.37","62,184.80","62,720.87",,,"1,718,400.00"
10/10/2022,"61,201.99","63,882.37","60,219.19","62,988.91",,,"1,661,900.00"
07/10/2022,"61,916.76","63,703.68","59,415.07","62,363.49",,,"2,685,300.00"
06/10/2022,"63,703.68","63,793.02","62,542.18","62,542.18",,,"1,819,500.00"
05/10/2022,"63,435.64","64,329.10","63,435.64","63,971.72",,,"1,493,400.00"
04/10/2022,"64,150.41","64,150.41","62,542.18","63,346.29",,,"1,755,300.00"
03/10/2022,"64,239.75","64,775.83","63,435.64","63,435.64",,,"2,339,100.00"
30/09/2022,"64,239.75","65,490.60","64,239.75","64,597.14",,,"2,643,400.00"
29/09/2022,"65,133.21","65,669.29","64,507.79","64,954.52",,,"2,375,100.00"
28/09/2022,"64,329.10","65,222.56","63,346.29","64,150.41",,,"2,145,700.00"
27/09/2022,"66,562.75","66,920.13","64,597.14","64,686.48",,,"3,111,500.00"
26/09/2022,"67,724.25","68,081.63","65,847.98","66,116.02",,,"3,886,000.00"
23/09/2022,"68,796.40","69,064.44","68,349.67","68,528.36",,,"1,398,600.00"
22/09/2022,"68,439.01","68,885.74","67,902.94","68,707.05",,,"1,033,500.00"
21/09/2022,"67,634.90","69,332.47","67,545.55","68,707.05",,,"2,477,500.00"
20/09/2022,"67,277.52","68,081.63","67,277.52","67,724.25",,,"1,139,700.00"
19/09/2022,"67,545.55","67,634.90","66,920.13","67,188.17",,,"1,418,000.00"
16/09/2022,"66,741.44","67,902.94","66,473.40","67,902.94",,,"2,308,600.00"
15/09/2022,"66,205.37","67,188.17","66,205.37","66,562.75",,,"1,207,500.00"
14/09/2022,"66,920.13","67,009.48","65,937.33","66,116.02",,,"2,037,900.00"
13/09/2022,"67,188.17","67,902.94","67,188.17","67,634.90",,,"1,556,500.00"
12/09/2022,"67,902.94","68,081.63","67,277.52","67,277.52",,,"1,386,100.00"
09/09/2022,"67,813.59","68,349.67","67,456.21","67,813.59",,,"1,188,500.00"
08/09/2022,"67,902.94","68,349.67","67,188.17","67,634.90",,,"1,351,100.00"
07/09/2022,"69,511.17","69,511.17","67,634.90","67,634.90",,,"2,916,400.00"
06/09/2022,"69,243.13","70,583.32","69,064.44","69,511.17",,,"2,669,000.00"
05/09/2022,"67,456.21","69,511.17","67,456.21","69,243.13",,,"3,169,400.00"
31/08/2022,"67,813.59","68,260.32","67,456.21","67,456.21",,,"1,677,100.00"
30/08/2022,"67,456.21","68,260.32","67,456.21","67,902.94",,,"2,275,076.00"
29/08/2022,"67,992.28","68,170.98","67,366.86","67,456.21",,,"3,331,964.00"
26/08/2022,"69,511.17","69,779.20","68,081.63","68,707.05",,,"2,463,000.00"
25/08/2022,"69,600.51","69,957.90","68,796.40","69,600.51",,,"2,182,100.00"
24/08/2022,"67,724.25","69,957.90","67,724.25","69,421.82",,,"6,069,100.00"
23/08/2022,"65,847.98","67,813.59","65,758.64","67,724.25",,,"4,551,200.00"
22/08/2022,"66,205.37","66,830.79","65,847.98","65,847.98",,,"2,171,700.00"
19/08/2022,"65,579.94","66,562.75","65,133.21","66,205.37",,,"5,351,600.00"
18/08/2022,"64,865.18","65,758.64","64,865.18","65,579.94",,,"4,230,600.00"
17/08/2022,"64,150.41","64,865.18","64,061.06","64,865.18",,,"1,484,400.00"
16/08/2022,"64,150.41","64,686.48","64,061.06","64,150.41",,,"3,021,756.00"
15/08/2022,"64,329.10","64,329.10","63,703.68","63,882.37",,,"2,525,800.00"
12/08/2022,"63,435.64","64,239.75","63,435.64","64,239.75",,,"2,175,100.00"
11/08/2022,"64,865.18","64,865.18","63,167.60","63,524.99",,,"4,084,600.00"
10/08/2022,"64,329.10","64,865.18","64,329.10","64,775.83",,,"2,358,800.00"
09/08/2022,"64,507.79","64,686.48","64,329.10","64,329.10",,,"2,408,800.00"
08/08/2022,"64,775.83","64,775.83","64,418.45","64,507.79",,,"2,795,800.00"
05/08/2022,"65,490.60","65,579.94","64,865.18","64,865.18",,,"2,135,400.00"
04/08/2022,"65,579.94","65,579.94","65,043.87","65,490.60",,,"1,888,600.00"
03/08/2022,"65,043.87","65,669.29","64,775.83","65,579.94",,,"3,134,700.00"
02/08/2022,"65,579.94","66,294.71","64,954.52","65,579.94",,,"3,059,100.00"
01/08/2022,"65,043.87","65,669.29","64,507.79","65,669.29",,,"3,078,600.00"
29/07/2022,"64,954.52","65,758.64","64,686.48","65,043.87",,,"2,872,000.00"
28/07/2022,"64,775.83","65,043.87","64,597.14","64,865.18",,,"1,532,500.00"
27/07/2022,"64,329.10","64,865.18","64,150.41","64,507.79",,,"1,222,700.00"
26/07/2022,"65,133.21","65,222.56","64,150.41","64,329.10",,,"1,676,900.00"
25/07/2022,"64,329.10","65,133.21","64,150.41","65,133.21",,,"1,242,600.00"
22/07/2022,"65,401.25","65,401.25","64,329.10","64,329.10",,,"1,154,300.00"
21/07/2022,"64,775.83","65,758.64","64,507.79","65,401.25",,,"1,720,500.00"
20/07/2022,"65,401.25","65,758.64","65,043.87","65,222.56",,,"1,167,800.00"
19/07/2022,"64,329.10","65,133.21","63,971.72","65,043.87",,,"2,050,600.00"
18/07/2022,"64,329.10","64,507.79","63,882.37","64,061.06",,,"1,106,700.00"
15/07/2022,"64,686.48","65,222.56","63,971.72","63,971.72",,,"1,658,900.00"
14/07/2022,"64,597.14","65,401.25","64,507.79","64,686.48",,,"1,168,520.00"
13/07/2022,"65,401.25","65,758.64","64,686.48","64,775.83",,,"1,483,500.00"
12/07/2022,"65,222.56","66,026.67","64,865.18","65,490.60",,,"1,186,100.00"
11/07/2022,"64,507.79","66,741.44","64,329.10","65,222.56",,,"2,556,900.00"
08/07/2022,"65,222.56","65,490.60","64,775.83","65,222.56",,,"1,853,200.00"
07/07/2022,"63,167.60","65,222.56","62,542.18","65,222.56",,,"3,049,600.00"
06/07/2022,"63,435.64","63,882.37","62,095.45","63,167.60",,,"2,360,100.00"
05/07/2022,"65,022.66","65,109.01","63,036.58","63,122.93",,,"2,590,800.00"
04/07/2022,"63,900.09","65,454.42","63,727.39","64,849.96",,,"3,259,300.00"
01/07/2022,"62,432.12","63,813.74","62,173.06","63,641.04",,,"2,859,000.00"
30/06/2022,"62,432.12","64,590.90","62,345.77","62,345.77",,,"3,807,600.00"
29/06/2022,"60,964.14","62,777.52","60,964.14","62,432.12",,,"2,515,400.00"
28/06/2022,"60,964.14","62,777.52","60,532.38","61,136.85",,,"3,037,200.00"
27/06/2022,"62,000.36","62,259.41","60,705.09","61,395.90",,,"1,804,300.00"
24/06/2022,"61,309.55","62,950.23","61,223.20","61,741.31",,,"1,777,600.00"
23/06/2022,"60,964.14","62,173.06","60,446.03","61,050.49",,,"1,223,100.00"
22/06/2022,"63,122.93","63,381.98","60,964.14","60,964.14",,,"2,214,000.00"
21/06/2022,"59,755.22","63,727.39","59,409.82","63,641.04",,,"5,715,800.00"
20/06/2022,"57,337.38","60,186.98","57,337.38","59,582.52",,,"2,588,200.00"
17/06/2022,"57,769.14","59,237.11","56,301.16","57,596.43",,,"2,586,800.00"
16/06/2022,"56,214.81","58,978.06","56,128.46","58,719.00",,,"2,260,500.00"
15/06/2022,"57,078.33","57,423.73","55,696.70","55,696.70",,,"4,092,500.00"
14/06/2022,"56,560.22","58,287.25","56,473.87","57,078.33",,,"1,477,200.00"
13/06/2022,"59,064.41","59,064.41","57,164.68","57,337.38",,,"2,379,700.00"
10/06/2022,"60,446.03","60,618.74","60,014.28","60,014.28",,,"1,656,600.00"
09/06/2022,"61,309.55","61,395.90","60,618.74","60,618.74",,,"1,271,600.00"
08/06/2022,"61,050.49","61,654.95","61,050.49","61,309.55",,,"1,817,600.00"
07/06/2022,"60,705.09","61,050.49","60,446.03","60,964.14",,,"1,322,200.00"
06/06/2022,"60,618.74","61,482.25","60,446.03","61,136.85",,,"1,432,000.00"
03/06/2022,"61,309.55","61,568.60","60,446.03","60,705.09",,,"1,251,100.00"
02/06/2022,"62,173.06","62,173.06","61,136.85","61,395.90",,,"1,700,700.00"
01/06/2022,"61,741.31","62,691.17","61,568.60","62,086.71",,,"1,643,600.00"
31/05/2022,"62,259.41","62,518.47","61,914.01","61,914.01",,,"2,382,400.00"
30/05/2022,"62,950.23","62,950.23","62,173.06","62,604.82",,,"2,224,400.00"
27/05/2022,"61,568.60","63,295.63","61,050.49","63,036.58",,,"3,755,500.00"
26/05/2022,"62,086.71","62,086.71","61,050.49","61,568.60",,,"1,590,800.00"
25/05/2022,"59,496.17","62,432.12","59,496.17","62,086.71",,,"2,462,100.00"
24/05/2022,"57,596.43","59,496.17","57,423.73","59,496.17",,,"2,033,000.00"
23/05/2022,"59,150.76","59,323.46","57,164.68","57,251.03",,,"2,022,200.00"
20/05/2022,"59,582.52","60,359.68","58,719.00","58,805.36",,,"1,396,200.00"
19/05/2022,"60,014.28","60,446.03","59,582.52","59,582.52",,,"1,449,400.00"
18/05/2022,"60,446.03","60,877.79","60,014.28","60,705.09",,,"1,983,200.00"
17/05/2022,"56,646.57","60,446.03","56,301.16","60,446.03",,,"2,205,100.00"
16/05/2022,"57,510.08","58,373.60","56,732.92","56,819.27",,,"2,688,000.00"
13/05/2022,"57,855.49","58,546.30","56,905.62","57,078.33",,,"5,002,100.00"
12/05/2022,"60,273.33","60,273.33","57,423.73","57,423.73",,,"3,641,800.00"
11/05/2022,"60,964.14","61,395.90","60,014.28","60,014.28",,,"2,247,300.00"
10/05/2022,"60,446.03","62,086.71","60,446.03","60,964.14",,,"3,106,500.00"
09/05/2022,"60,618.74","61,741.31","60,100.63","60,446.03",,,"2,392,100.00"
06/05/2022,"61,654.95","61,827.66","60,014.28","60,618.74",,,"2,109,800.00"
05/05/2022,"63,209.28","63,209.28","61,741.31","62,259.41",,,"1,548,200.00"
04/05/2022,"64,072.80","64,245.50","62,604.82","62,604.82",,,"1,763,900.00"
29/04/2022,"64,245.50","64,763.61","63,900.09","64,072.80",,,"2,059,100.00"
28/04/2022,"64,677.26","64,677.26","63,727.39","64,159.15",,,"2,751,000.00"
27/04/2022,"64,936.31","65,454.42","63,641.04","64,763.61",,,"2,420,900.00"
26/04/2022,"63,468.34","65,627.12","61,223.20","65,540.77",,,"3,910,000.00"
25/04/2022,"65,627.12","65,886.18","63,036.58","63,468.34",,,"3,481,800.00"
22/04/2022,"65,368.07","66,058.88","65,195.36","65,540.77",,,"2,800,400.00"
21/04/2022,"65,022.66","66,058.88","64,763.61","64,763.61",,,"4,615,600.00"
20/04/2022,"65,627.12","66,231.58","65,281.72","65,281.72",,,"1,931,100.00"
19/04/2022,"66,576.99","67,095.10","65,627.12","65,627.12",,,"1,940,200.00"
18/04/2022,"66,058.88","67,267.80","65,972.53","66,490.64",,,"2,590,300.00"
15/04/2022,"66,058.88","67,008.75","65,627.12","66,058.88",,,"1,362,400.00"
14/04/2022,"66,922.39","67,354.15","65,886.18","65,886.18",,,"1,810,200.00"
13/04/2022,"66,317.93","67,785.91","66,231.58","66,663.34",,,"2,118,800.00"
12/04/2022,"66,749.69","67,181.45","66,058.88","66,317.93",,,"1,776,300.00"
08/04/2022,"67,785.91","68,304.02","66,749.69","66,749.69",,,"2,738,300.00"
07/04/2022,"68,994.83","69,081.18","67,785.91","67,785.91",,,"1,760,300.00"
06/04/2022,"69,081.18","70,117.40","68,304.02","68,476.72",,,"4,306,700.00"
05/04/2022,"70,635.51","70,635.51","69,426.59","69,426.59",,,"2,202,100.00"
04/04/2022,"70,808.21","71,239.97","70,376.45","70,980.91",,,"3,808,700.00"
01/04/2022,"69,944.70","71,412.67","69,340.24","70,549.16",,,"6,112,000.00"
31/03/2022,"65,799.82","69,944.70","65,627.12","69,858.34",,,"9,645,800.00"
30/03/2022,"65,195.36","66,145.23","64,849.96","65,799.82",,,"3,506,500.00"
29/03/2022,"63,468.34","65,195.36","63,468.34","65,195.36",,,"2,784,940.00"
28/03/2022,"65,022.66","65,281.72","63,381.98","63,381.98",,,"4,038,700.00"
25/03/2022,"65,281.72","65,454.42","64,849.96","64,936.31",,,"3,376,500.00"
24/03/2022,"65,627.12","65,713.47","64,936.31","65,281.72",,,"3,409,808.00"
23/03/2022,"66,317.93","66,490.64","65,540.77","65,713.47",,,"3,226,000.00"
22/03/2022,"67,267.80","67,267.80","66,317.93","66,404.29",,,"2,500,200.00"
21/03/2022,"65,627.12","67,267.80","65,627.12","67,008.75",,,"2,384,100.00"
18/03/2022,"66,145.23","66,490.64","65,627.12","65,627.12",,,"4,759,000.00"
17/03/2022,"67,008.75","67,181.45","65,972.53","65,972.53",,,"1,777,400.00"
16/03/2022,"66,663.34","67,354.15","66,490.64","66,749.69",,,"2,450,400.00"
15/03/2022,"66,490.64","66,922.39","65,886.18","66,663.34",,,"2,279,100.00"
14/03/2022,"67,354.15","67,354.15","66,404.29","66,663.34",,,"2,182,310.00"
11/03/2022,"66,663.34","67,785.91","66,576.99","67,354.15",,,"2,322,900.00"
10/03/2022,"65,627.12","67,267.80","65,627.12","66,576.99",,,"2,971,800.00"
09/03/2022,"65,627.12","66,317.93","64,763.61","64,849.96",,,"3,192,780.00"
08/03/2022,"65,886.18","66,058.88","65,627.12","65,713.47",,,"2,383,000.00"
07/03/2022,"67,267.80","67,267.80","66,231.58","66,317.93",,,"4,199,800.00"
04/03/2022,"67,699.56","67,699.56","67,181.45","67,267.80",,,"3,120,400.00"
03/03/2022,"67,958.61","68,217.67","67,526.85","67,699.56",,,"1,933,200.00"
02/03/2022,"68,390.37","68,390.37","67,354.15","67,785.91",,,"2,392,300.00"
01/03/2022,"67,699.56","68,563.07","67,526.85","68,390.37",,,"1,412,500.00"
28/02/2022,"68,131.31","68,217.67","67,181.45","67,699.56",,,"2,280,500.00"
25/02/2022,"68,217.67","68,649.42","68,131.31","68,131.31",,,"1,347,700.00"
24/02/2022,"69,081.18","69,081.18","67,785.91","67,872.26",,,"2,723,500.00"
23/02/2022,"69,081.18","69,512.94","68,908.48","69,081.18",,,"2,200,300.00"
22/02/2022,"69,858.34","69,944.70","68,822.13","69,081.18",,,"3,204,500.00"
21/02/2022,"69,858.34","70,462.80","69,858.34","69,944.70",,,"1,280,600.00"
18/02/2022,"69,167.53","69,771.99","69,167.53","69,599.29",,,"1,808,100.00"
17/02/2022,"69,512.94","70,117.40","69,426.59","69,771.99",,,"2,087,700.00"
16/02/2022,"70,117.40","70,203.75","69,340.24","69,426.59",,,"2,825,100.00"
15/02/2022,"70,031.05","70,376.45","69,944.70","70,117.40",,,"1,465,300.00"
14/02/2022,"70,376.45","70,808.21","69,944.70","70,031.05",,,"3,031,800.00"
11/02/2022,"71,239.97","71,326.32","70,721.86","70,808.21",,,"2,222,698.00"
10/02/2022,"71,499.02","71,930.78","71,067.27","71,412.67",,,"1,612,500.00"
09/02/2022,"70,808.21","72,276.19","70,808.21","71,499.02",,,"1,919,300.00"
08/02/2022,"72,017.13","72,103.48","70,808.21","70,808.21",,,"3,640,900.00"
07/02/2022,"71,844.43","72,535.24","71,585.37","72,103.48",,,"1,703,100.00"
28/01/2022,"71,671.73","72,707.94","71,499.02","71,758.08",,,"2,971,300.00"
27/01/2022,"69,167.53","72,017.13","69,167.53","71,758.08",,,"2,039,000.00"
26/01/2022,"68,476.72","69,512.94","68,476.72","68,822.13",,,"1,452,100.00"
25/01/2022,"69,512.94","69,944.70","68,304.02","68,390.37",,,"3,922,100.00"
24/01/2022,"71,326.32","71,412.67","69,944.70","69,944.70",,,"2,442,120.00"
21/01/2022,"71,671.73","71,930.78","71,239.97","71,326.32",,,"1,796,400.00"
20/01/2022,"71,671.73","71,930.78","71,585.37","71,671.73",,,"1,488,400.00"
19/01/2022,"71,585.37","72,103.48","71,412.67","72,017.13",,,"2,064,900.00"
18/01/2022,"71,585.37","72,103.48","71,326.32","72,017.13",,,"2,100,400.00"
17/01/2022,"73,398.75","73,398.75","71,585.37","71,585.37",,,"2,100,400.00"
14/01/2022,"71,758.08","73,485.11","71,412.67","73,139.70",,,"2,760,800.00"
13/01/2022,"72,017.13","72,276.19","71,585.37","71,758.08",,,"2,109,000.00"
12/01/2022,"72,362.54","72,362.54","71,412.67","71,758.08",,,"2,322,300.00"
11/01/2022,"72,189.83","72,535.24","72,103.48","72,276.19",,,"1,972,400.00"
10/01/2022,"73,226.05","73,398.75","72,103.48","72,276.19",,,"2,246,400.00"
07/01/2022,"72,447.47","72,702.27","72,192.67","72,362.54",,,"2,593,984.00"
06/01/2022,"73,126.93","73,126.93","72,447.47","72,532.40",,,"2,991,600.00"
05/01/2022,"73,721.46","73,891.32","73,042.00","73,211.86",,,"3,272,000.00"
04/01/2022,"74,061.19","74,231.05","73,636.53","73,636.53",,,"1,994,600.00"
31/12/2021,"72,617.33","74,315.99","72,447.47","73,381.73",,,"2,468,500.00"
30/12/2021,"72,447.47","72,702.27","72,277.60","72,447.47",,,"1,040,500.00"
29/12/2021,"72,617.33","72,702.27","72,277.60","72,362.54",,,"965,400.00"
28/12/2021,"73,211.86","73,211.86","72,362.54","72,617.33",,,"1,937,800.00"
27/12/2021,"73,042.00","73,381.73","72,787.20","73,126.93",,,"1,285,700.00"
24/12/2021,"71,937.87","73,042.00","71,937.87","73,042.00",,,"1,428,400.00"
23/12/2021,"72,532.40","72,532.40","71,768.01","71,937.87",,,"2,618,900.00"
22/12/2021,"72,787.20","73,211.86","72,447.47","72,532.40",,,"1,991,800.00"
21/12/2021,"72,872.13","73,042.00","72,617.33","72,617.33",,,"1,831,900.00"
20/12/2021,"73,042.00","73,296.80","72,702.27","72,787.20",,,"2,194,400.00"
17/12/2021,"73,551.59","73,636.53","72,787.20","72,787.20",,,"2,949,600.00"
16/12/2021,"73,296.80","73,551.59","73,042.00","73,551.59",,,"1,610,300.00"
15/12/2021,"73,381.73","73,636.53","73,296.80","73,296.80",,,"1,602,500.00"
14/12/2021,"73,381.73","73,806.39","73,211.86","73,296.80",,,"2,175,600.00"
13/12/2021,"73,296.80","73,721.46","73,042.00","73,381.73",,,"1,832,316.00"
10/12/2021,"73,466.66","73,891.32","72,872.13","73,296.80",,,"1,730,000.00"
09/12/2021,"72,957.07","73,976.26","72,787.20","73,891.32",,,"2,126,800.00"
08/12/2021,"73,296.80","73,466.66","72,787.20","73,042.00",,,"2,106,023.00"
07/12/2021,"72,872.13","73,466.66","72,532.40","73,466.66",,,"1,932,000.00"
06/12/2021,"73,042.00","73,551.59","72,447.47","72,447.47",,,"3,168,200.00"
03/12/2021,"74,400.92","74,740.65","72,872.13","72,872.13",,,"3,584,600.00"
02/12/2021,"74,315.99","74,740.65","74,231.05","74,231.05",,,"1,820,400.00"
01/12/2021,"74,740.65","75,250.24","74,231.05","74,315.99",,,"2,786,600.00"
30/11/2021,"74,400.92","75,420.11","74,400.92","74,400.92",,,"3,443,400.00"
29/11/2021,"74,570.78","74,655.72","74,061.19","74,315.99",,,"2,855,900.00"
26/11/2021,"74,400.92","75,420.11","74,315.99","74,995.45",,,"3,015,700.00"
25/11/2021,"74,315.99","74,910.51","74,061.19","74,315.99",,,"2,345,400.00"
24/11/2021,"73,466.66","74,315.99","73,466.66","74,315.99",,,"2,124,500.00"
23/11/2021,"73,466.66","73,636.53","73,042.00","73,296.80",,,"2,439,371.00"
22/11/2021,"73,042.00","73,466.66","72,957.07","73,211.86",,,"3,495,500.00"
19/11/2021,"74,740.65","75,080.38","73,042.00","73,126.93",,,"5,151,200.00"
18/11/2021,"75,420.11","75,420.11","74,740.65","74,740.65",,,"3,900,000.00"
17/11/2021,"75,250.24","76,099.57","75,250.24","75,420.11",,,"3,074,400.00"
16/11/2021,"75,589.97","75,844.77","75,165.31","75,250.24",,,"3,251,700.00"
15/11/2021,"76,014.64","76,099.57","75,589.97","75,589.97",,,"3,268,000.00"
12/11/2021,"76,439.30","76,524.23","75,674.91","75,844.77",,,"2,119,600.00"
11/11/2021,"76,269.43","76,779.03","75,844.77","76,099.57",,,"3,460,600.00"
10/11/2021,"76,439.30","76,524.23","75,844.77","76,184.50",,,"2,666,100.00"
09/11/2021,"77,288.63","77,373.56","76,184.50","76,269.43",,,"3,744,600.00"
08/11/2021,"76,184.50","77,373.56","76,099.57","77,118.76",,,"6,365,200.00"
05/11/2021,"75,250.24","75,929.70","75,165.31","75,759.84",,,"3,448,400.00"
04/11/2021,"75,080.38","75,335.18","74,825.58","75,080.38",,,"2,513,000.00"
03/11/2021,"75,674.91","76,014.64","74,910.51","74,910.51",,,"6,312,000.00"
02/11/2021,"76,439.30","76,439.30","75,589.97","75,759.84",,,"4,888,900.00"
01/11/2021,"77,118.76","77,543.42","76,269.43","76,439.30",,,"5,083,800.00"
29/10/2021,"76,948.90","77,288.63","76,694.10","77,033.83",,,"4,603,700.00"
28/10/2021,"76,863.96","77,713.29","76,863.96","76,948.90",,,"4,966,000.00"
27/10/2021,"76,439.30","76,948.90","76,184.50","76,779.03",,,"3,726,500.00"
26/10/2021,"76,439.30","76,609.16","75,929.70","76,099.57",,,"1,641,200.00"
25/10/2021,"76,863.96","76,948.90","76,354.37","76,524.23",,,"3,874,500.00"
22/10/2021,"76,014.64","76,863.96","75,759.84","76,863.96",,,"4,510,000.00"
21/10/2021,"76,439.30","76,524.23","75,674.91","75,674.91",,,"4,036,500.00"
20/10/2021,"76,779.03","76,948.90","75,589.97","76,439.30",,,"5,975,224.00"
19/10/2021,"76,269.43","76,863.96","76,269.43","76,694.10",,,"7,011,854.00"
18/10/2021,"76,439.30","76,524.23","75,759.84","76,269.43",,,"3,173,092.00"
15/10/2021,"76,439.30","77,033.83","76,099.57","76,439.30",,,"3,828,200.00"
14/10/2021,"76,609.16","76,863.96","76,099.57","76,439.30",,,"2,351,000.00"
13/10/2021,"77,288.63","77,543.42","76,439.30","76,524.23",,,"3,859,700.00"
12/10/2021,"76,779.03","77,543.42","76,524.23","76,779.03",,,"3,784,200.00"
11/10/2021,"76,439.30","76,779.03","76,014.64","76,439.30",,,"2,629,400.00"
08/10/2021,"75,505.04","76,439.30","75,335.18","76,099.57",,,"2,641,000.00"
07/10/2021,"75,844.77","75,929.70","75,420.11","75,420.11",,,"3,126,400.00"
06/10/2021,"76,099.57","76,524.23","75,759.84","75,844.77",,,"2,808,500.00"
05/10/2021,"76,694.10","76,694.10","76,099.57","76,099.57",,,"2,268,000.00"
04/10/2021,"76,863.96","77,373.56","76,524.23","76,609.16",,,"3,060,200.00"
01/10/2021,"75,844.77","76,779.03","75,674.91","76,269.43",,,"5,855,255.00"
30/09/2021,"76,354.37","77,033.83","76,099.57","76,099.57",,,"4,183,200.00"
29/09/2021,"75,844.77","76,524.23","75,335.18","76,099.57",,,"2,763,400.00"
28/09/2021,"75,420.11","76,354.37","74,740.65","75,844.77",,,"3,839,280.00"
27/09/2021,"76,948.90","77,628.36","75,420.11","75,420.11",,,"5,053,900.00"
24/09/2021,"77,288.63","77,628.36","76,863.96","77,033.83",,,"2,990,000.00"
23/09/2021,"77,713.29","78,477.68","76,779.03","77,118.76",,,"5,097,500.00"
22/09/2021,"75,165.31","77,883.15","75,165.31","77,713.29",,,"10,310,100.00"
21/09/2021,"74,740.65","75,505.04","74,485.85","75,420.11",,,"3,096,300.00"
20/09/2021,"74,400.92","75,674.91","74,146.12","75,335.18",,,"5,787,700.00"
17/09/2021,"73,381.73","75,080.38","73,296.80","73,466.66",,,"5,292,600.00"
16/09/2021,"73,466.66","73,466.66","72,957.07","73,381.73",,,"3,968,400.00"
15/09/2021,"73,721.46","73,721.46","73,126.93","73,126.93",,,"3,424,700.00"
14/09/2021,"74,061.19","74,146.12","73,551.59","73,891.32",,,"3,007,900.00"
13/09/2021,"73,466.66","74,231.05","73,296.80","74,061.19",,,"2,956,200.00"
10/09/2021,"72,362.54","73,891.32","72,192.67","73,466.66",,,"6,288,900.00"
09/09/2021,"72,532.40","72,617.33","72,192.67","72,362.54",,,"2,452,400.00"
08/09/2021,"73,296.80","73,296.80","72,447.47","72,532.40",,,"4,068,200.00"
07/09/2021,"74,570.78","74,570.78","73,296.80","73,296.80",,,"2,808,200.00"
06/09/2021,"73,721.46","74,138.91","73,637.97","73,721.46",,,"3,512,200.00"
01/09/2021,"72,970.05","74,138.91","72,803.07","73,554.48",,,"3,530,100.00"
31/08/2021,"73,053.54","73,137.03","72,719.58","72,970.05",,,"3,857,200.00"
30/08/2021,"72,719.58","73,137.03","72,636.09","72,970.05",,,"4,680,364.00"
27/08/2021,"72,970.05","73,053.54","72,385.62","72,636.09",,,"4,096,900.00"
26/08/2021,"72,552.60","73,220.52","72,385.62","72,636.09",,,"1,976,000.00"
25/08/2021,"72,135.15","72,719.58","71,801.19","72,552.60",,,"1,982,500.00"
24/08/2021,"71,884.68","72,636.09","71,550.72","72,051.66",,,"4,125,700.00"
23/08/2021,"73,220.52","73,304.01","71,801.19","71,801.19",,,"4,416,500.00"
20/08/2021,"75,391.25","75,391.25","72,636.09","73,304.01",,,"4,326,800.00"
19/08/2021,"75,558.23","75,558.23","74,973.80","75,391.25",,,"3,256,300.00"
18/08/2021,"74,723.34","75,892.19","74,639.85","75,140.78",,,"4,710,100.00"
17/08/2021,"74,806.82","75,224.27","74,389.38","74,556.36",,,"2,612,200.00"
16/08/2021,"75,057.29","75,641.72","74,305.89","74,723.34",,,"3,380,800.00"
13/08/2021,"75,474.74","75,558.23","74,472.87","75,057.29",,,"4,105,500.00"
12/08/2021,"75,808.70","76,393.13","75,391.25","75,558.23",,,"4,581,540.00"
11/08/2021,"75,057.29","76,309.64","74,973.80","75,892.19",,,"5,440,400.00"
10/08/2021,"73,470.99","75,140.78","73,470.99","74,639.85",,,"6,223,200.00"
09/08/2021,"72,803.07","73,387.50","72,636.09","73,220.52",,,"3,850,700.00"
06/08/2021,"72,552.60","73,804.95","72,302.13","72,803.07",,,"4,260,600.00"
05/08/2021,"72,552.60","72,719.58","72,302.13","72,302.13",,,"3,896,800.00"
04/08/2021,"73,053.54","73,053.54","72,636.09","72,719.58",,,"3,086,500.00"
03/08/2021,"72,302.13","73,053.54","72,302.13","72,719.58",,,"3,014,600.00"
02/08/2021,"71,968.17","72,552.60","71,801.19","72,218.64",,,"2,794,300.00"
30/07/2021,"72,469.11","72,803.07","71,717.70","71,884.68",,,"4,405,200.00"
29/07/2021,"72,636.09","73,220.52","71,801.19","72,469.11",,,"2,648,300.00"
28/07/2021,"72,719.58","72,970.05","72,302.13","72,552.60",,,"1,775,500.00"
27/07/2021,"74,222.40","74,723.34","73,053.54","73,053.54",,,"2,388,200.00"
26/07/2021,"73,470.99","74,472.87","73,387.50","74,222.40",,,"2,791,500.00"
23/07/2021,"72,469.11","74,973.80","71,884.68","73,137.03",,,"4,558,600.00"
22/07/2021,"71,383.74","72,719.58","71,216.77","72,469.11",,,"2,152,400.00"
21/07/2021,"71,300.26","71,717.70","71,133.28","71,216.77",,,"1,996,200.00"
20/07/2021,"70,966.30","71,801.19","70,381.87","71,717.70",,,"3,352,000.00"
19/07/2021,"70,465.36","70,966.30","70,131.40","70,966.30",,,"4,111,700.00"
16/07/2021,"71,383.74","71,968.17","71,216.77","71,717.70",,,"1,449,600.00"
15/07/2021,"70,966.30","72,051.66","70,548.85","71,133.28",,,"3,394,100.00"
14/07/2021,"70,966.30","71,550.72","70,381.87","70,966.30",,,"4,410,200.00"
13/07/2021,"71,884.68","72,218.64","70,298.38","70,381.87",,,"2,883,300.00"
12/07/2021,"73,053.54","73,470.99","70,381.87","72,051.66",,,"4,833,100.00"
09/07/2021,"73,721.46","73,804.95","72,552.60","72,636.09",,,"3,224,100.00"
08/07/2021,"73,637.97","74,639.85","73,470.99","73,804.95",,,"1,908,900.00"
07/07/2021,"72,636.09","74,973.80","72,302.13","74,973.80",,,"4,738,700.00"
06/07/2021,"74,639.85","74,973.80","72,636.09","72,636.09",,,"4,816,900.00"
05/07/2021,"75,224.27","75,474.74","73,971.93","74,472.87",,,"2,988,000.00"
02/07/2021,"75,975.68","75,975.68","75,224.27","75,224.27",,,"2,750,900.00"
01/07/2021,"75,641.72","76,226.15","75,474.74","75,892.19",,,"3,841,500.00"
30/06/2021,"75,975.68","76,059.17","75,307.76","75,474.74",,,"2,465,780.00"
29/06/2021,"74,973.80","76,560.11","74,305.89","75,975.68",,,"4,368,100.00"
28/06/2021,"75,140.78","75,307.76","74,305.89","74,472.87",,,"1,937,900.00"
25/06/2021,"74,055.42","75,057.29","74,055.42","74,890.31",,,"2,136,300.00"
24/06/2021,"75,057.29","75,307.76","73,721.46","74,055.42",,,"4,245,024.00"
23/06/2021,"75,641.72","75,808.70","74,890.31","75,140.78",,,"3,480,300.00"
22/06/2021,"75,975.68","76,393.13","75,641.72","75,641.72",,,"2,998,300.00"
21/06/2021,"76,810.58","76,894.07","75,641.72","75,641.72",,,"4,313,600.00"
18/06/2021,"76,309.64","77,395.01","76,309.64","76,894.07",,,"5,024,894.00"
17/06/2021,"75,975.68","76,977.56","75,808.70","75,975.68",,,"4,261,700.00"
16/06/2021,"77,395.01","77,645.48","76,226.15","76,643.60",,,"3,541,200.00"
15/06/2021,"77,311.52","77,812.46","76,894.07","77,561.99",,,"4,711,500.00"
14/06/2021,"77,228.03","78,062.93","76,393.13","77,228.03",,,"5,084,100.00"
11/06/2021,"76,977.56","77,228.03","76,142.66","76,810.58",,,"2,992,800.00"
10/06/2021,"74,639.85","78,146.42","73,971.93","76,977.56",,,"6,119,300.00"
09/06/2021,"74,973.80","75,224.27","74,138.91","74,389.38",,,"4,200,600.00"
08/06/2021,"74,723.34","76,226.15","74,639.85","74,890.31",,,"5,836,400.00"
07/06/2021,"74,723.34","74,806.82","73,470.99","74,639.85",,,"3,736,600.00"
04/06/2021,"74,464.66","75,041.90","73,475.09","73,804.95",,,"4,704,600.00"
03/06/2021,"74,217.27","74,876.97","74,052.34","74,382.19",,,"3,629,000.00"
02/06/2021,"73,887.41","73,887.41","73,392.63","73,722.48",,,"3,672,400.00"
01/06/2021,"74,629.58","74,794.51","74,134.80","74,134.80",,,"2,339,900.00"
31/05/2021,"75,701.61","75,866.54","74,382.19","74,629.58",,,"3,355,991.00"
28/05/2021,"75,041.90","75,619.15","74,547.12","75,124.37",,,"3,122,200.00"
27/05/2021,"75,371.76","75,536.68","74,217.27","74,629.58",,,"3,492,100.00"
26/05/2021,"74,217.27","75,784.07","73,640.02","75,041.90",,,"3,933,300.00"
25/05/2021,"75,206.83","75,206.83","74,217.27","74,629.58",,,"2,993,000.00"
24/05/2021,"74,217.27","75,784.07","73,804.95","75,206.83",,,"4,349,800.00"
21/05/2021,"72,485.53","74,876.97","71,825.82","73,557.56",,,"5,267,800.00"
20/05/2021,"72,485.53","72,650.46","71,743.36","72,567.99",,,"2,844,700.00"
19/05/2021,"72,403.07","73,392.63","71,825.82","72,155.68",,,"4,026,307.00"
18/05/2021,"72,155.68","72,567.99","71,578.43","71,743.36",,,"2,970,100.00"
17/05/2021,"73,804.95","74,217.27","71,908.28","71,908.28",,,"5,001,300.00"
14/05/2021,"75,124.37","75,206.83","73,804.95","73,804.95",,,"4,650,800.00"
13/05/2021,"75,041.90","75,619.15","74,629.58","74,629.58",,,"3,118,400.00"
12/05/2021,"74,299.73","76,031.47","74,217.27","75,701.61",,,"3,199,300.00"
11/05/2021,"77,103.49","77,928.13","75,206.83","75,206.83",,,"4,282,000.00"
10/05/2021,"71,743.36","76,691.17","71,001.18","76,691.17",,,"8,426,900.00"
07/05/2021,"73,392.63","73,557.56","71,578.43","71,743.36",,,"7,343,000.00"
06/05/2021,"75,866.54","75,866.54","73,887.41","73,887.41",,,"7,844,900.00"
05/05/2021,"75,536.68","76,691.17","75,536.68","75,866.54",,,"4,562,900.00"
04/05/2021,"76,691.17","76,691.17","75,454.22","75,536.68",,,"4,182,856.00"
29/04/2021,"77,268.42","77,680.74","75,454.22","77,103.49",,,"6,799,700.00"
28/04/2021,"78,917.69","79,000.16","77,103.49","77,268.42",,,"6,099,900.00"
27/04/2021,"79,165.08","79,577.40","78,340.45","78,917.69",,,"5,620,300.00"
26/04/2021,"79,989.72","81,638.99","79,165.08","79,165.08",,,"6,277,314.00"
23/04/2021,"80,814.36","82,381.17","79,824.79","82,051.31",,,"4,018,900.00"
22/04/2021,"81,886.38","82,051.31","79,989.72","80,814.36",,,"3,567,300.00"
20/04/2021,"79,989.72","83,288.27","79,907.26","81,886.38",,,"7,007,238.00"
19/04/2021,"79,907.26","80,402.04","78,422.91","79,247.55",,,"6,512,860.00"
16/04/2021,"81,309.14","81,391.60","79,494.94","79,907.26",,,"4,986,400.00"
15/04/2021,"82,133.77","82,875.95","81,556.53","81,721.46",,,"4,099,500.00"
14/04/2021,"82,463.63","82,463.63","81,556.53","81,886.38",,,"4,017,400.00"
13/04/2021,"83,123.34","83,865.51","82,216.24","82,463.63",,,"4,546,300.00"
12/04/2021,"82,463.63","82,711.02","82,051.31","82,463.63",,,"3,882,400.00"
09/04/2021,"82,381.17","82,463.63","81,803.92","82,298.70",,,"2,736,700.00"
08/04/2021,"82,793.48","82,875.95","81,968.85","82,381.17",,,"3,806,200.00"
07/04/2021,"83,288.27","83,288.27","82,463.63","82,546.09",,,"3,644,300.00"
06/04/2021,"84,607.68","84,690.15","83,123.34","83,700.58",,,"3,535,900.00"
05/04/2021,"86,174.49","86,174.49","84,277.83","84,607.68",,,"2,822,700.00"
02/04/2021,"84,525.22","85,762.17","84,195.37","84,690.15",,,"3,840,000.00"
01/04/2021,"81,226.67","83,288.27","80,814.36","83,288.27",,,"6,239,900.00"
31/03/2021,"81,721.46","81,721.46","80,814.36","81,144.21",,,"2,870,400.00"
30/03/2021,"82,133.77","82,546.09","81,309.14","81,803.92",,,"4,425,400.00"
29/03/2021,"80,896.82","82,381.17","80,649.43","81,638.99",,,"2,995,300.00"
26/03/2021,"80,814.36","81,226.67","79,659.87","80,319.57",,,"3,920,000.00"
25/03/2021,"81,638.99","82,216.24","81,061.75","81,226.67",,,"3,256,800.00"
24/03/2021,"82,133.77","82,463.63","81,226.67","81,391.60",,,"3,285,809.00"
23/03/2021,"82,958.41","83,040.87","82,216.24","82,628.56",,,"4,554,300.00"
22/03/2021,"83,865.51","83,947.97","82,958.41","83,123.34",,,"3,516,331.00"
19/03/2021,"84,277.83","84,277.83","83,618.12","83,865.51",,,"3,884,100.00"
18/03/2021,"83,288.27","84,525.22","83,288.27","84,525.22",,,"2,608,900.00"
17/03/2021,"83,288.27","83,288.27","82,546.09","82,875.95",,,"3,568,400.00"
16/03/2021,"84,277.83","84,360.29","82,546.09","83,288.27",,,"4,314,700.00"
15/03/2021,"84,772.61","84,937.54","84,195.37","84,277.83",,,"2,513,500.00"
,,,,,,,
,,,,,,,
SIMPLIZE,,,,,,,
"Số 5 ngõ 316 Lê Trọng Tấn, Phường Khương Mai, Quận Thanh Xuân, TP.Hà Nội
",,,,,,,
Website: simplize.vn,,,,,,,
Email: info@simplize.vn,,,,,,,
Tel: (+84) 38 840 8668,,,,,,,