,,,,,,,,,,,,,,,,,,,,,,,,,,,,,,,,,,,,,,,,
Tên công ty,Công ty Cổ phần Sữa Việt Nam,,,,,,,,,,,,,,,,,,,,,,,,,,,,,,,,,,,,,,,
Tên báo cáo,Chỉ số tài chính,,,,,,,,,,,,,,,,,,,,,,,,,,,,,,,,,,,,,,,
Ngày tải,15/03/2025,,,,,,,,,,,,,,,,,,,,,,,,,,,,,,,,,,,,,,,
Đơn vị tính,VNĐ,,,,,,,,,,,,,,,,,,,,,,,,,,,,,,,,,,,,,,,
,,,,,,,,,,,,,,,,,,,,,,,,,,,,,,,,,,,,,,,,
CHỈ TIÊU,Q4/2024,Q3/2024,Q2/2024,Q1/2024,Q4/2023,Q3/2023,Q2/2023,Q1/2023,Q4/2022,Q3/2022,Q2/2022,Q1/2022,Q4/2021,Q3/2021,Q2/2021,Q1/2021,Q4/2020,Q3/2020,Q2/2020,Q1/2020,Q4/2019,Q3/2019,Q2/2019,Q1/2019,Q4/2018,Q3/2018,Q2/2018,Q1/2018,Q4/2017,Q3/2017,Q2/2017,Q1/2017,Q4/2016,Q3/2016,Q2/2016,Q1/2016,Q4/2015,Q3/2015,Q2/2015,Q1/2015
Chỉ tiêu Báo cáo kết quả kinh doanh (Tỷ đồng),,,,,,,,,,,,,,,,,,,,,,,,,,,,,,,,,,,,,,,,
    Doanh thu thuần,"15,477,073,125,441.00","15,537,337,313,473.00","16,655,787,772,473.00","14,112,411,317,058.00","15,618,710,944,490.00","15,636,987,684,682.00","15,194,824,955,693.00","13,918,391,926,640.00","15,068,654,657,453.00","16,079,491,424,130.00","14,930,275,292,637.00","13,877,825,823,198.00","15,819,036,553,270.00","16,194,052,003,559.00","15,715,806,166,465.00","13,190,270,122,852.00","14,424,794,514,944.00","15,563,157,998,229.00","15,495,233,758,799.00","14,153,099,953,575.00","14,238,961,478,162.00","14,290,900,447,018.00","14,598,960,549,757.00","13,189,300,287,807.00","13,003,707,052,570.00","13,735,260,285,149.00","13,702,480,611,961.00","12,120,502,020,912.00","12,350,368,157,140.00","13,293,077,820,340.00","13,348,261,215,191.00","12,049,368,692,438.00","11,807,610,749,506.00","12,204,689,711,230.00","12,449,130,059,922.00","10,332,908,879,616.00","11,098,562,112,893.00","10,549,326,431,578.00","10,500,110,637,280.00","8,716,035,913,568.00"
        Tăng trưởng doanh thu,-0.91%,-0.64%,9.61%,1.39%,3.65%,-2.75%,1.77%,0.29%,-4.74%,-0.71%,-5.00%,5.21%,9.67%,4.05%,1.42%,-6.80%,1.31%,8.90%,6.14%,7.31%,9.50%,4.05%,6.54%,8.82%,5.29%,3.33%,2.65%,0.59%,4.60%,8.92%,7.22%,16.61%,6.39%,15.69%,18.56%,18.55%,18.89%,20.82%,13.73%,13.52%
    Lợi nhuận gộp,"6,209,690,644,985.00","6,401,445,454,290.00","7,067,518,779,284.00","5,911,521,444,565.00","6,441,612,591,490.00","6,554,900,643,375.00","6,150,192,068,886.00","5,398,026,311,659.00","5,845,588,412,045.00","6,350,179,642,297.00","6,076,659,801,599.00","5,624,803,650,766.00","6,725,316,780,217.00","6,943,747,090,431.00","6,854,357,185,245.00","5,754,880,436,414.00","6,658,173,701,548.00","7,266,743,481,136.00","7,137,894,597,099.00","6,605,811,607,925.00","6,680,302,621,448.00","6,722,965,970,468.00","7,013,945,549,158.00","6,155,002,509,553.00","6,162,585,412,139.00","6,493,516,898,029.00","6,468,610,841,811.00","5,486,693,317,112.00","5,603,872,290,875.00","6,270,299,324,342.00","6,540,841,887,346.00","5,819,131,316,070.00","5,480,295,049,931.00","5,085,428,772,710.00","5,372,695,831,441.00","5,026,711,161,429.00","4,416,387,446,733.00","4,350,059,534,037.00","4,386,995,984,476.00","3,108,971,976,990.00"
        Tăng trưởng lợi nhuận gộp,-3.60%,-2.34%,14.92%,9.51%,10.20%,3.22%,1.21%,-4.03%,-13.08%,-8.55%,-11.35%,-2.26%,1.01%,-4.44%,-3.97%,-12.88%,-0.33%,8.09%,1.77%,7.32%,8.40%,3.53%,8.43%,12.18%,9.97%,3.56%,-1.10%,-5.71%,2.25%,23.30%,21.74%,15.76%,24.09%,16.90%,22.47%,61.68%,24.40%,43.63%,38.60%,21.23%
    Lợi nhuận thuần từ HĐKD,"2,581,919,225,696.00","2,970,748,116,715.00","3,325,773,210,703.00","2,715,537,085,273.00","2,725,822,436,482.00","3,086,270,738,943.00","2,776,744,398,740.00","2,314,795,307,642.00","2,229,048,854,727.00","2,888,929,476,609.00","2,600,935,725,205.00","2,772,150,770,559.00","2,639,084,928,848.00","3,507,044,711,060.00","3,510,265,400,228.00","3,071,224,780,055.00","2,698,989,438,731.00","3,755,879,519,012.00","3,721,525,146,405.00","3,362,986,720,268.00","2,673,952,095,282.00","3,265,127,046,928.00","3,516,775,668,232.00","3,341,235,304,930.00","2,637,035,621,507.00","2,953,826,796,158.00","3,172,703,017,968.00","3,112,948,005,119.00","2,084,489,611,040.00","3,228,396,596,983.00","3,443,226,703,496.00","3,470,305,276,126.00","2,145,563,296,248.00","3,048,044,079,391.00","3,373,259,219,955.00","2,593,424,063,941.00","2,228,598,262,186.00","2,554,910,647,754.00","2,621,118,916,415.00","1,872,171,414,488.00"
        Tăng trưởng lợi nhuận thuần,-5.28%,-3.74%,19.77%,17.31%,22.29%,6.83%,6.76%,-16.50%,-15.54%,-17.62%,-25.90%,-9.74%,-2.22%,-6.63%,-5.68%,-8.68%,0.94%,15.03%,5.82%,0.65%,1.40%,10.54%,10.84%,7.33%,26.51%,-8.50%,-7.86%,-10.30%,-2.85%,5.92%,2.07%,33.81%,-3.73%,19.30%,28.70%,38.52%,10.41%,50.94%,37.50%,10.68%
    Lợi nhuận trước thuế,"2,643,368,770,905.00","2,941,801,640,478.00","3,308,642,928,230.00","2,705,840,401,722.00","2,852,064,600,379.00","3,075,789,821,151.00","2,727,998,544,003.00","2,312,046,425,953.00","2,295,242,241,834.00","2,859,883,167,326.00","2,576,057,643,749.00","2,764,351,623,836.00","2,688,037,023,963.00","3,586,603,289,912.00","3,493,684,950,239.00","3,153,910,222,805.00","2,671,876,716,607.00","3,777,019,789,971.00","3,711,380,577,468.00","3,358,259,002,978.00","2,649,338,858,483.00","3,253,756,149,711.00","3,549,831,766,256.00","3,342,782,864,107.00","2,680,499,625,011.00","3,033,968,043,856.00","3,160,765,705,183.00","3,176,462,892,073.00","2,085,821,039,955.00","3,223,014,334,435.00","3,444,022,345,991.00","3,476,087,663,755.00","2,204,169,931,367.00","3,044,873,308,173.00","3,362,070,367,159.00","2,626,512,964,197.00","2,285,812,672,463.00","2,553,778,018,374.00","2,622,484,714,956.00","1,905,065,650,592.00"
        Tăng trưởng lợi nhuận trước thuế,-7.32%,-4.36%,21.28%,17.03%,24.26%,7.55%,5.90%,-16.36%,-14.61%,-20.26%,-26.27%,-12.35%,0.60%,-5.04%,-5.87%,-6.08%,0.85%,16.08%,4.55%,0.46%,-1.16%,7.24%,12.31%,5.24%,28.51%,-5.87%,-8.22%,-8.62%,-5.37%,5.85%,2.44%,32.35%,-3.57%,19.23%,28.20%,37.87%,5.00%,48.21%,33.12%,9.28%
    Lợi nhuận sau thuế của Cổ đông công ty mẹ,"2,123,649,268,482.00","2,403,519,104,884.00","2,670,475,017,284.00","2,194,666,965,600.00","2,326,013,960,066.00","2,492,254,015,001.00","2,198,811,184,561.00","1,856,733,257,236.00","1,869,125,571,613.00","2,298,398,907,051.00","2,082,981,126,147.00","2,265,518,089,530.00","2,196,004,480,636.00","2,925,766,998,017.00","2,834,789,042,592.00","2,575,916,578,653.00","2,185,170,012,447.00","3,077,140,792,284.00","3,071,714,073,426.00","2,764,911,978,211.00","2,201,515,747,637.00","2,690,192,377,294.00","2,898,738,430,907.00","2,790,729,116,151.00","2,299,484,602,646.00","2,560,125,311,355.00","2,666,357,498,655.00","2,701,313,738,808.00","1,744,612,719,962.00","2,693,903,760,050.00","2,922,080,403,930.00","2,935,068,264,904.00","1,828,963,840,162.00","2,548,780,232,660.00","2,815,396,006,252.00","2,157,189,051,310.00","1,896,074,486,906.00","2,135,307,519,344.00","2,185,170,750,754.00","1,556,856,874,239.00"
        Tăng trưởng lợi nhuận sau thuế,-8.70%,-3.56%,21.45%,18.20%,24.44%,8.43%,5.56%,-18.04%,-14.89%,-21.44%,-26.52%,-12.05%,0.50%,-4.92%,-7.71%,-6.84%,-0.74%,14.38%,5.97%,-0.93%,-4.26%,5.08%,8.72%,3.31%,31.80%,-4.97%,-8.75%,-7.96%,-4.61%,5.69%,3.79%,36.06%,-3.54%,19.36%,28.84%,38.56%,9.62%,55.15%,38.70%,12.22%
Chỉ tiêu Bảng cân đối (Tỷ đồng),,,,,,,,,,,,,,,,,,,,,,,,,,,,,,,,,,,,,,,,
    Tổng tài sản,"55,049,061,537,061.00","57,677,080,306,452.00","54,193,954,187,994.00","51,653,869,771,730.00","52,673,371,104,460.00","54,967,436,003,598.00","50,968,781,757,650.00","49,264,785,492,099.00","48,482,664,236,220.00","51,199,903,422,164.00","53,842,175,999,663.00","52,995,528,231,171.00","53,332,403,438,219.00","52,067,759,208,240.00","53,046,669,029,192.00","51,051,210,880,651.00","48,432,480,673,629.00","50,396,457,516,921.00","49,596,809,946,225.00","46,073,727,018,989.00","44,699,873,386,034.00","40,101,852,847,756.00","40,186,475,665,451.00","38,305,261,792,855.00","37,366,108,654,179.00","34,026,431,394,368.00","36,183,530,062,338.00","35,328,719,216,070.00","34,667,318,837,497.00","31,595,714,941,194.00","31,955,032,118,295.00","31,068,544,643,384.00","29,378,656,325,464.00","27,656,720,742,141.00","29,798,001,198,779.00","29,068,835,554,512.00","27,478,175,944,352.00","25,958,969,285,317.00","27,223,661,690,599.00","27,003,064,354,813.00"
        Tăng trưởng Tổng tài sản,4.51%,4.93%,6.33%,4.85%,8.64%,7.36%,-5.34%,-7.04%,-9.09%,-1.67%,1.50%,3.81%,10.12%,3.32%,6.96%,10.80%,8.35%,25.67%,23.42%,20.28%,19.63%,17.86%,11.06%,8.43%,7.78%,7.69%,13.23%,13.71%,18.00%,14.24%,7.24%,6.88%,6.92%,6.54%,9.46%,7.65%,6.63%,8.58%,14.70%,16.07%
    Tài sản ngắn hạn,"37,553,650,065,098.00","40,582,371,278,735.00","37,332,761,258,942.00","35,013,917,574,413.00","35,935,879,621,477.00","37,680,161,943,052.00","33,403,479,517,290.00","32,394,853,632,375.00","31,560,382,174,201.00","34,373,292,456,500.00","36,871,285,863,860.00","35,452,395,671,778.00","36,109,910,649,785.00","34,446,542,339,559.00","35,042,535,233,833.00","32,834,546,632,146.00","29,665,725,805,058.00","31,541,319,633,765.00","30,073,376,341,979.00","26,461,638,721,175.00","24,721,565,376,552.00","22,146,344,620,561.00","22,089,274,019,449.00","22,040,432,596,172.00","20,559,756,794,837.00","18,360,115,898,846.00","20,818,678,622,022.00","19,974,838,548,267.00","20,307,434,789,529.00","18,889,319,053,176.00","20,677,934,235,834.00","20,171,593,469,610.00","18,673,827,685,789.00","17,322,793,032,464.00","19,513,524,046,623.00","18,004,264,892,914.00","16,731,875,433,624.00","15,029,826,360,314.00","16,603,153,127,894.00","16,640,748,752,812.00"
        Tăng trưởng tài sản ngắn hạn,4.50%,7.70%,11.76%,8.08%,13.86%,9.62%,-9.41%,-8.62%,-12.60%,-0.21%,5.22%,7.97%,21.72%,9.21%,16.52%,24.08%,20.00%,42.42%,36.14%,20.06%,20.24%,20.62%,6.10%,10.34%,1.24%,-2.80%,0.68%,-0.98%,8.75%,9.04%,5.97%,12.04%,11.61%,15.26%,17.53%,8.19%,7.79%,17.34%,20.50%,22.66%
    Tài sản dài hạn,"17,495,411,471,963.00","17,094,709,027,717.00","16,861,192,929,052.00","16,639,952,197,317.00","16,737,491,482,983.00","17,287,274,060,546.00","17,565,302,240,360.00","16,869,931,859,724.00","16,922,282,062,019.00","16,826,610,965,664.00","16,970,890,135,803.00","17,543,132,559,393.00","17,222,492,788,434.00","17,621,216,868,681.00","18,004,133,795,359.00","18,216,664,248,505.00","18,766,754,868,571.00","18,855,137,883,156.00","19,523,433,604,246.00","19,612,088,297,814.00","19,978,308,009,482.00","17,955,508,227,195.00","18,097,201,646,002.00","16,264,829,196,683.00","16,806,351,859,342.00","15,666,315,495,522.00","15,364,851,440,316.00","15,353,880,667,803.00","14,359,884,047,968.00","12,706,395,888,018.00","11,277,097,882,461.00","10,896,951,173,774.00","10,704,828,639,675.00","10,333,927,709,677.00","10,284,477,152,156.00","11,064,570,661,598.00","10,746,300,510,728.00","10,929,142,925,003.00","10,620,508,562,705.00","10,362,315,602,001.00"
        Tăng trưởng tài sản dài hạn,4.53%,-1.11%,-4.01%,-1.36%,-1.09%,2.74%,3.50%,-3.84%,-1.74%,-4.51%,-5.74%,-3.70%,-8.23%,-6.54%,-7.78%,-7.12%,-6.06%,5.01%,7.88%,20.58%,18.87%,14.61%,17.78%,5.93%,17.04%,23.29%,36.25%,40.90%,34.14%,22.96%,9.65%,-1.51%,-0.39%,-5.45%,-3.16%,6.78%,4.86%,-1.53%,6.67%,6.85%
    Nợ ngắn hạn,"18,459,546,837,640.00","22,021,271,584,074.00","15,403,310,205,136.00","15,294,387,986,523.00","17,138,689,974,862.00","20,399,327,964,197.00","13,742,782,382,772.00","14,407,882,880,499.00","15,308,423,081,524.00","16,983,265,249,980.00","16,644,210,900,330.00","17,607,914,154,548.00","17,068,416,995,519.00","17,766,091,926,204.00","18,127,021,271,173.00","16,532,816,332,955.00","14,212,646,285,475.00","18,164,145,581,085.00","16,681,721,259,498.00","13,314,973,420,207.00","14,442,851,833,360.00","11,924,062,277,981.00","10,816,139,387,760.00","8,816,669,411,270.00","10,639,592,009,462.00","7,381,050,047,407.00","8,862,722,162,878.00","8,441,889,289,285.00","10,195,562,827,092.00","7,089,478,813,206.00","6,712,397,749,306.00","5,534,019,542,094.00","6,457,497,982,894.00","6,370,099,514,142.00","6,316,879,862,995.00","5,760,854,047,953.00","6,004,316,835,213.00","6,183,917,147,643.00","5,431,901,592,093.00","5,227,911,279,864.00"
        Tăng trưởng nợ ngắn hạn,7.71%,7.95%,12.08%,6.15%,11.96%,20.11%,-17.43%,-18.17%,-10.31%,-4.41%,-8.18%,6.50%,20.09%,-2.19%,8.66%,24.17%,-1.59%,52.33%,54.23%,51.02%,35.75%,61.55%,22.04%,4.44%,4.36%,4.11%,32.04%,52.55%,57.89%,11.29%,6.26%,-3.94%,7.55%,3.01%,16.29%,10.19%,10.11%,20.16%,17.46%,29.15%
        Vay và nợ thuê tài chính ngắn hạn,"9,115,435,107,250.00","8,291,496,866,090.00","7,794,314,406,895.00","6,616,831,614,710.00","8,217,757,172,267.00","6,873,932,117,860.00","6,128,144,184,250.00","6,889,265,980,740.00","4,867,129,839,103.00","9,405,653,167,691.00","9,701,229,190,460.00","10,942,647,333,716.00","9,382,354,118,118.00","9,038,248,667,322.00","9,481,532,928,054.00","9,247,097,278,828.00","7,316,497,078,307.00","6,423,212,089,774.00","6,189,353,009,901.00","6,149,806,942,796.00","5,351,461,260,191.00","4,188,147,842,196.00","3,272,945,064,774.00","2,126,083,288,960.00","1,060,047,652,329.00","956,294,678,845.00","1,797,452,552,318.00","1,560,293,768,812.00","268,102,046,087.00","219,632,623,984.00","108,173,213,914.00","174,251,757,485.00","1,332,666,200,200.00","1,336,465,403,604.00","1,365,531,072,109.00","1,499,433,453,402.00","1,475,358,507,208.00","1,358,733,604,316.00","872,896,438,045.00","922,783,147,378.00"
            Tăng trưởng vay và nợ thuê tài chính ngắn hạn,10.92%,20.62%,27.19%,-3.95%,68.84%,-26.92%,-36.83%,-37.04%,-48.12%,4.06%,2.32%,18.34%,28.24%,40.71%,53.19%,50.36%,36.72%,53.37%,89.11%,189.26%,404.83%,337.96%,82.09%,36.26%,295.39%,335.41%,1561.64%,795.42%,-79.88%,-83.57%,-92.08%,-88.38%,-9.67%,-1.64%,56.44%,62.49%,15.31%,6.66%,1206.23%,417.18%
    Nợ dài hạn,"415,111,869,758.00","411,532,810,496.00","453,196,649,401.00","491,891,149,713.00","508,937,364,128.00","565,044,030,094.00","565,949,667,885.00","346,676,448,782.00","357,722,799,611.00","372,252,790,415.00","377,445,998,543.00","410,402,534,593.00","413,872,193,316.00","426,749,546,167.00","544,274,607,850.00","554,453,926,269.00","572,712,158,332.00","540,790,459,406.00","559,389,313,551.00","511,989,562,860.00","525,766,348,310.00","337,162,323,893.00","436,616,077,486.00","565,361,558,092.00","455,147,352,790.00","695,172,060,684.00","784,757,986,928.00","595,890,865,416.00","598,698,196,544.00","477,619,358,810.00","489,515,870,457.00","515,094,622,289.00","515,209,053,985.00","531,807,386,129.00","533,779,982,227.00","435,045,952,349.00","549,943,361,554.00","558,262,473,836.00","519,478,135,082.00","513,702,917,767.00"
        Tăng trưởng Nợ dài hạn,-18.44%,-27.17%,-19.92%,41.89%,42.27%,51.79%,49.94%,-15.53%,-13.57%,-12.77%,-30.65%,-25.98%,-27.73%,-21.09%,-2.70%,8.29%,8.93%,60.39%,28.12%,-9.44%,15.52%,-51.50%,-44.36%,-5.12%,-23.98%,45.55%,60.31%,15.69%,16.20%,-10.19%,-8.29%,18.40%,-6.32%,-4.74%,2.75%,-15.31%,6.45%,8.12%,4.97%,44.40%
    Vốn chủ sở hữu,"36,174,402,829,663.00","35,244,275,911,882.00","38,337,447,333,457.00","35,867,590,635,494.00","35,025,743,765,470.00","34,003,064,009,307.00","36,660,049,706,993.00","34,510,226,162,818.00","32,816,518,355,085.00","33,844,385,381,769.00","36,820,519,100,790.00","34,977,211,542,030.00","35,850,114,249,384.00","33,874,917,735,869.00","34,375,373,150,169.00","33,963,940,621,427.00","33,647,122,229,822.00","31,691,521,476,430.00","32,355,699,373,176.00","32,246,764,035,922.00","29,731,255,204,364.00","27,840,628,245,882.00","28,933,720,200,205.00","28,923,230,823,493.00","26,271,369,291,927.00","25,950,209,286,277.00","26,536,049,912,532.00","26,290,939,061,369.00","23,873,057,813,861.00","24,028,616,769,178.00","24,753,118,498,532.00","25,019,430,479,001.00","22,405,949,288,585.00","20,754,813,841,870.00","22,947,341,353,557.00","22,872,935,554,210.00","20,923,915,747,585.00","19,216,789,663,838.00","21,272,281,963,424.00","21,261,450,157,182.00"
        Tăng trưởng vốn chủ sở hữu,3.28%,3.65%,4.58%,3.93%,6.73%,0.47%,-0.44%,-1.34%,-8.46%,-0.09%,7.11%,2.98%,6.55%,6.89%,6.24%,5.33%,13.17%,13.83%,11.83%,11.49%,13.17%,7.28%,9.04%,10.01%,10.05%,8.00%,7.20%,5.08%,6.55%,15.77%,7.87%,9.38%,7.08%,8.00%,7.87%,7.58%,6.32%,6.04%,14.66%,13.11%
    Vốn góp cổ phần,"20,899,554,450,000.00","20,899,554,450,000.00","20,899,554,450,000.00","20,899,554,450,000.00","20,899,554,450,000.00","20,899,554,450,000.00","20,899,554,450,000.00","20,899,554,450,000.00","20,899,554,450,000.00","20,899,554,450,000.00","20,899,554,450,000.00","20,899,554,450,000.00","20,899,554,450,000.00","20,899,554,450,000.00","20,899,554,450,000.00","20,899,554,450,000.00","20,899,554,450,000.00","20,899,554,450,000.00","17,416,877,930,000.00","17,416,877,930,000.00","17,416,877,930,000.00","17,416,877,930,000.00","17,416,877,930,000.00","17,416,877,930,000.00","17,416,877,930,000.00","17,416,877,930,000.00","14,514,534,290,000.00","14,514,534,290,000.00","14,514,534,290,000.00","14,514,534,290,000.00","14,514,534,290,000.00","14,514,534,290,000.00","14,514,534,290,000.00","14,514,534,290,000.00","12,006,621,930,000.00","12,006,621,930,000.00","12,006,621,930,000.00","12,006,621,930,000.00","10,006,413,990,000.00","10,006,413,990,000.00"
        Tăng trưởng vốn góp cổ phần,,,,,,,,,,,,,,,20.00%,20.00%,20.00%,20.00%,,,,,20.00%,20.00%,20.00%,20.00%,,,,,20.89%,20.89%,20.89%,20.89%,19.99%,19.99%,19.99%,19.99%,19.99%,19.99%
Chỉ số định giá,,,,,,,,,,,,,,,,,,,,,,,,,,,,,,,,,,,,,,,,
    P/E,14.16,15.69,14.97,16.02,17.17,18.93,17.92,18.77,18.43,16.20,14.62,16.07,17.58,17.08,17.59,20.12,20.47,18.91,18.33,17.64,20.25,20.47,21.94,23.24,22.62,24.16,25.96,29.18,25.61,21.48,21.21,20.20,21.42,22.23,20.07,19.76,19.41,17.38,17.15,17.30
    P/B,4.33,4.42,4.33,4.48,4.71,4.66,4.59,5.35,5.23,4.49,4.64,5.12,5.95,5.76,6.12,7.13,7.75,6.73,6.49,6.79,7.93,7.62,7.99,9.22,8.59,9.10,10.12,12.85,11.07,8.97,8.67,8.51,9.83,8.82,7.42,7.42,7.77,5.65,5.08,5.34
    EV/EBITDA,,9.32,8.77,9.36,9.84,11.26,10.75,11.37,11.42,10.08,9.39,10.27,11.39,11.09,11.59,13.32,13.53,12.53,12.29,11.92,14.15,14.40,15.57,16.66,16.21,17.38,18.97,21.35,18.77,15.49,15.19,14.38,15.47,15.84,14.17,13.86,13.60,11.61,11.13,11.24
    EPS (VNĐ/CP),"1,016.12","1,150.03","1,277.77","1,050.10","1,112.95","1,192.49","1,052.09",888.41,894.34,"1,099.74",996.66,"1,084.00","1,050.74","1,399.92","1,356.39","1,232.52","1,045.56","1,472.57","1,469.97","1,587.77","1,264.24","1,544.86","1,664.62","1,602.60","1,320.47","1,470.15","1,531.13","1,861.37","1,202.13","1,856.25","2,013.42","2,022.33","1,260.18","1,756.05","1,939.71","1,797.45","1,579.88","1,779.22","1,820.76","1,556.67"
        Tăng trưởng EPS,-8.70%,-3.56%,21.45%,18.20%,24.44%,8.43%,5.56%,-18.04%,-14.89%,-21.44%,-26.52%,-12.05%,0.50%,-4.93%,-7.73%,-22.37%,-17.30%,-4.68%,-11.69%,-0.93%,-4.26%,5.08%,8.72%,-13.90%,9.84%,-20.80%,-23.95%,-7.96%,-4.61%,5.71%,3.80%,12.51%,-20.24%,-1.30%,6.53%,15.47%,-8.65%,29.29%,15.59%,-6.49%
    Giá trị sổ sách (VNĐ/CP),"15,444.74","15,010.41","16,433.90","15,241.55","15,166.26","14,668.05","16,013.85","15,072.85","14,282.15","14,900.52","16,333.35","15,406.05","15,829.66","14,878.97","15,131.73","14,991.71","14,975.05","14,044.01","14,421.38","17,233.76","15,794.42","15,654.32","16,274.24","16,271.29","14,804.77","14,619.70","14,956.16","17,785.68","16,106.84","16,544.62","16,895.90","17,075.34","15,274.39","14,138.43","15,649.20","18,863.44","17,241.80","15,821.97","17,547.07","21,080.22"
Chỉ số hiệu quả hoạt động,,,,,,,,,,,,,,,,,,,,,,,,,,,,,,,,,,,,,,,,
    Biên lợi nhuận gộp,40.12%,41.20%,42.43%,41.89%,41.24%,41.92%,40.48%,38.78%,38.79%,39.49%,40.70%,40.53%,42.51%,42.88%,43.61%,43.63%,46.16%,46.69%,46.07%,46.67%,46.92%,47.04%,48.04%,46.67%,47.39%,47.28%,47.21%,45.27%,45.37%,47.17%,49.00%,48.29%,46.41%,41.67%,43.16%,48.65%,39.79%,41.24%,41.78%,35.67%
    Biên EBIT,17.51%,19.34%,20.25%,19.79%,18.88%,20.18%,18.59%,17.20%,15.59%,18.10%,17.50%,20.11%,17.14%,22.30%,22.41%,24.01%,18.70%,24.51%,24.19%,24.03%,18.86%,22.96%,24.49%,25.50%,20.72%,22.18%,23.19%,26.28%,16.93%,24.30%,25.83%,28.96%,18.83%,25.03%,27.08%,25.50%,20.67%,24.28%,25.04%,21.95%
    Biên EBITDA,20.76%,22.97%,23.40%,23.36%,23.76%,23.32%,21.98%,21.01%,19.03%,21.33%,20.98%,23.98%,20.52%,25.63%,25.89%,27.80%,22.48%,28.06%,27.79%,27.95%,22.39%,26.42%,27.77%,29.08%,24.07%,25.16%,26.08%,29.46%,19.85%,26.65%,28.19%,31.54%,21.42%,27.48%,29.46%,28.30%,23.22%,26.90%,27.63%,25.01%
    Biên lợi nhuận ròng,13.87%,15.47%,16.19%,15.64%,15.05%,16.20%,14.67%,13.70%,12.40%,14.45%,14.08%,16.45%,13.99%,18.28%,18.21%,19.69%,15.50%,20.16%,19.91%,19.62%,15.29%,18.73%,19.89%,21.21%,17.57%,18.64%,19.54%,22.14%,14.00%,20.29%,21.85%,24.36%,15.48%,20.89%,22.69%,20.92%,17.12%,20.12%,20.82%,17.90%
    ROE LTM,26.55%,27.89%,26.10%,26.49%,26.59%,25.17%,22.67%,23.60%,24.98%,26.35%,26.85%,29.94%,30.60%,32.50%,32.47%,33.40%,35.46%,37.55%,34.96%,34.44%,37.69%,39.64%,38.02%,37.38%,40.70%,38.62%,38.17%,39.08%,44.42%,46.34%,42.89%,42.33%,43.22%,47.21%,40.75%,37.93%,38.27%,40.70%,34.37%,31.13%
    ROA LTM,17.55%,17.15%,18.61%,18.47%,17.83%,16.08%,15.89%,16.04%,16.85%,17.28%,17.89%,19.84%,20.90%,20.80%,21.11%,22.77%,24.13%,24.70%,23.87%,24.97%,25.72%,28.77%,27.62%,28.03%,28.34%,29.41%,28.73%,30.20%,32.10%,35.03%,33.13%,33.71%,32.94%,35.20%,31.60%,29.86%,29.18%,30.48%,26.86%,24.80%
Chỉ số hiệu suất hoạt động,,,,,,,,,,,,,,,,,,,,,,,,,,,,,,,,,,,,,,,,
    Vòng quay tài sản (vòng),0.27,0.28,0.31,0.27,0.29,0.30,0.30,0.28,0.30,0.31,0.28,0.26,0.30,0.31,0.30,0.27,0.29,0.31,0.32,0.31,0.34,0.36,0.37,0.35,0.36,0.39,0.38,0.35,0.37,0.42,0.42,0.40,0.41,0.42,0.42,0.37,0.42,0.40,0.39,0.33
    Hiệu suất sử dụng tài sản cố định,0.46,0.47,0.51,0.43,0.49,0.50,0.50,0.46,0.51,0.55,0.51,0.48,0.55,0.56,0.55,0.46,0.51,0.56,0.56,0.51,0.54,0.58,0.61,0.56,0.58,0.66,0.69,0.62,0.71,0.87,0.88,0.81,0.81,0.86,0.89,0.75,0.83,0.81,0.82,0.69
    Số ngày thu tiền khách hàng (ngày),120.93,121.79,115.62,136.35,123.03,120.60,132.45,144.02,125.46,116.99,127.38,135.10,119.40,122.91,118.21,128.94,124.05,117.56,106.85,105.51,116.73,126.90,124.46,129.13,130.32,129.65,125.69,134.70,125.37,108.61,93.00,85.08,89.13,94.88,89.82,95.32,82.24,91.94,91.34,105.16
    Số ngày xử lý hàng tồn kho (ngày),232.17,252.24,253.24,287.27,235.17,241.49,262.81,262.22,223.89,241.48,304.29,319.29,263.98,260.89,274.09,279.10,238.54,240.71,249.60,259.14,240.81,253.97,262.13,282.27,262.66,232.00,233.59,230.93,208.17,204.16,217.24,247.32,243.46,212.88,217.02,269.65,203.98,219.12,230.17,245.58
    Số ngày phải trả nhà cung cấp (ngày),155.16,152.56,146.91,175.05,153.55,151.71,177.81,202.60,159.49,142.12,169.41,188.77,165.20,171.94,192.96,194.31,162.00,152.58,165.03,195.83,190.09,186.71,176.20,209.80,206.67,186.64,208.06,230.74,208.05,171.46,151.93,147.40,123.11,84.63,79.40,125.93,119.70,113.24,112.30,130.22
    Vòng quay tiền mặt (ngày),197.95,221.48,221.95,248.57,204.65,210.37,217.45,203.63,189.86,216.35,262.26,265.61,218.19,211.86,199.34,213.73,200.59,205.69,191.42,168.82,167.45,194.15,210.39,201.60,186.32,175.01,151.22,134.89,125.49,141.32,158.31,185.00,209.48,223.14,227.45,239.04,166.51,197.82,209.20,220.52
Chỉ số cơ cấu nguồn vốn,,,,,,,,,,,,,,,,,,,,,,,,,,,,,,,,,,,,,,,,
    Nợ phải trả / Vốn chủ sở hữu,52.18%,63.65%,41.36%,44.01%,50.38%,61.65%,39.03%,42.75%,47.74%,51.28%,46.23%,51.51%,48.76%,53.71%,54.32%,50.31%,43.94%,59.02%,53.29%,42.88%,50.35%,44.04%,38.89%,32.44%,42.23%,31.12%,36.36%,34.38%,45.22%,31.49%,29.09%,24.18%,31.12%,33.25%,29.85%,27.09%,31.32%,35.08%,27.98%,27.00%
"    Vay và nợ thuê tài chính ngắn hạn, dài hạn / Vốn chủ sở hữu",25.64%,23.97%,20.81%,19.04%,24.14%,21.05%,17.48%,20.14%,15.03%,28.00%,26.55%,31.49%,26.38%,26.92%,28.04%,27.70%,22.24%,20.82%,19.69%,19.44%,18.41%,15.38%,11.96%,8.10%,4.86%,4.63%,7.69%,6.96%,2.27%,2.15%,1.76%,2.00%,7.41%,8.10%,7.45%,7.67%,8.81%,9.03%,5.70%,5.96%
    Nợ vay ròng / Vốn chủ sở hữu,-44.82%,-57.17%,-42.39%,-42.46%,-41.66%,-55.09%,-38.89%,-34.37%,-45.04%,-38.19%,-37.23%,-30.02%,-38.82%,-37.45%,-34.89%,-33.36%,-35.49%,-42.94%,-37.61%,-29.40%,-32.38%,-25.14%,-25.99%,-29.50%,-33.96%,-27.75%,-32.08%,-31.93%,-46.00%,-41.38%,-46.90%,-48.10%,-42.17%,-38.68%,-43.49%,-38.38%,-39.11%,-34.31%,-39.96%,-39.65%
    Tổng tài sản / Vốn chủ sở hữu,1.51,1.63,1.40,1.43,1.49,1.56,1.43,1.47,1.48,1.52,1.50,1.51,1.46,1.56,1.54,1.47,1.47,1.52,1.46,1.38,1.47,1.38,1.38,1.33,1.44,1.31,1.33,1.29,1.38,1.32,1.29,1.26,1.31,1.34,1.29,1.27,1.31,1.34,1.28,1.25
Chỉ số khả năng thanh toán,,,,,,,,,,,,,,,,,,,,,,,,,,,,,,,,,,,,,,,,
    Khả năng thanh toán tổng quát,2.92,2.57,3.42,3.27,2.98,2.62,3.56,3.34,3.09,2.95,3.16,2.94,3.05,2.86,2.84,2.99,3.28,2.69,2.88,3.33,2.99,3.27,3.57,4.08,3.37,4.21,3.75,3.91,3.21,4.18,4.44,5.14,4.21,4.01,4.35,4.69,4.19,3.85,4.57,4.70
    Khả năng thanh toán nhanh,1.73,1.57,2.00,1.85,1.74,1.57,1.97,1.78,1.70,1.68,1.79,1.58,1.72,1.58,1.56,1.59,1.74,1.45,1.46,1.56,1.37,1.44,1.53,1.89,1.41,1.90,1.80,1.85,1.60,2.15,2.46,2.94,2.19,2.10,2.39,2.43,2.15,1.84,2.36,2.43
    Khả năng thanh toán tức thời,1.38,1.30,1.57,1.44,1.34,1.27,1.50,1.31,1.29,1.32,1.41,1.22,1.37,1.23,1.19,1.25,1.37,1.11,1.11,1.18,1.05,0.95,1.02,1.23,0.96,1.14,1.19,1.21,1.13,1.48,1.79,2.27,1.72,1.52,1.85,1.83,1.67,1.35,1.79,1.85
    Khả năng thanh toán lãi vay,48.59,56.98,60.61,38.16,38.57,45.82,34.80,35.53,53.86,68.67,85.35,127.17,138.44,170.27,144.97,284.09,125.42,114.14,114.39,94.05,88.96,135.84,159.88,193.34,230.85,288.44,206.90,417.30,488.94,505.70,935.06,283.77,129.23,338.55,421.28,351.75,301.81,362.73,427.60,268.08
Thông tin doanh nghiệp,,,,,,,,,,,,,,,,,,,,,,,,,,,,,,,,,,,,,,,,
    Vốn hóa (Tỷ đồng),"132,085,184,124,000.00","134,384,135,113,500.00","152,357,751,940,500.00","137,937,059,370,000.00","140,027,014,815,000.00","141,071,992,537,500.00","157,791,636,097,500.00","153,611,725,207,500.00","155,492,685,108,000.00","160,926,569,265,000.00","154,238,711,841,000.00","152,148,756,396,000.00","155,074,694,019,000.00","173,675,297,479,500.00","189,558,958,861,500.00","179,945,163,814,500.00","195,410,834,107,500.00","214,815,541,568,800.00","225,681,697,368,000.00","191,377,408,570,600.00","172,396,391,706,000.00","203,044,639,120,400.00","233,518,748,765,400.00","215,060,214,122,000.00","226,034,739,579,000.00","235,960,764,352,500.00","204,269,342,056,800.00","244,535,077,206,500.00","268,483,768,590,000.00","296,783,409,063,000.00","220,453,187,119,900.00","222,053,978,682,000.00","214,800,596,832,000.00","194,345,985,453,100.00","206,106,026,238,000.00","186,021,606,690,000.00","166,819,376,322,000.00","145,216,867,158,000.00","136,815,891,372,000.00","119,014,113,876,000.00"
    Số lượng cổ phiếu lưu hành (Triệu CP),"2,089,955,445.00","2,089,955,445.00","2,089,955,445.00","2,089,955,445.00","2,089,955,445.00","2,089,955,445.00","2,089,955,445.00","2,089,955,445.00","2,089,955,445.00","2,089,955,445.00","2,089,955,445.00","2,089,955,445.00","2,089,955,445.00","2,089,955,445.00","2,089,955,445.00","2,089,955,445.00","2,089,955,445.00","2,089,645,346.00","2,089,645,346.00","1,741,377,694.00","1,741,377,694.00","1,741,377,694.00","1,741,377,694.00","1,741,378,252.00","1,741,407,855.00","1,741,407,855.00","1,741,426,616.00","1,451,246,749.00","1,451,263,614.00","1,451,263,614.00","1,451,304,721.00","1,451,333,194.00","1,451,355,384.00","1,451,426,329.00","1,451,450,889.00","1,200,139,398.00","1,200,139,398.00","1,200,139,398.00","1,200,139,398.00","1,000,118,604.00"
,,,,,,,,,,,,,,,,,,,,,,,,,,,,,,,,,,,,,,,,
,,,,,,,,,,,,,,,,,,,,,,,,,,,,,,,,,,,,,,,,
SIMPLIZE,,,,,,,,,,,,,,,,,,,,,,,,,,,,,,,,,,,,,,,,
"Số 5 ngõ 316 Lê Trọng Tấn, Phường Khương Mai, Quận Thanh Xuân, TP.Hà Nội
",,,,,,,,,,,,,,,,,,,,,,,,,,,,,,,,,,,,,,,,
Website: simplize.vn,,,,,,,,,,,,,,,,,,,,,,,,,,,,,,,,,,,,,,,,
Email: info@simplize.vn,,,,,,,,,,,,,,,,,,,,,,,,,,,,,,,,,,,,,,,,
Tel: (+84) 38 840 8668,,,,,,,,,,,,,,,,,,,,,,,,,,,,,,,,,,,,,,,,